Game ID,Timestamp,Numbers,Scraped At
1,02/17/26 15:22:18,69-3-19-46-33-25-9-4-7-43-61-75-11-54-45-20-16-30-64-78,2026-02-19 17:12:45 UTC
2,02/17/26 15:26:13,36-31-70-41-56-65-74-40-3-17-12-25-34-7-39-10-23-9-48-44,2026-02-19 17:12:45 UTC
3,02/17/26 15:31:13,21-74-29-12-47-33-32-1-40-79-76-52-5-55-70-30-62-49-37-10,2026-02-19 17:12:45 UTC
4,02/17/26 15:35:44,25-59-73-38-17-54-4-52-40-51-53-39-33-75-78-56-77-15-45-24,2026-02-19 17:12:45 UTC
5,02/17/26 15:40:25,59-61-26-39-11-43-6-24-68-66-71-62-45-13-10-28-50-1-29-70,2026-02-19 17:12:45 UTC
6,02/17/26 15:44:50,58-45-57-13-63-79-24-60-4-40-15-68-2-80-43-38-14-59-10-44,2026-02-19 17:12:45 UTC
7,02/17/26 15:53:05,42-69-49-59-4-45-14-40-24-7-65-28-15-64-19-68-12-37-73-39,2026-02-19 17:12:45 UTC
8,02/17/26 15:58:35,62-30-25-61-60-20-39-9-45-51-69-32-53-75-78-6-14-16-35-19,2026-02-19 17:12:45 UTC
9,02/17/26 16:04:50,33-59-71-47-3-56-40-34-43-69-39-32-38-7-60-2-68-23-52-15,2026-02-19 17:12:41 UTC
10,02/17/26 16:08:46,32-53-56-23-14-17-57-26-50-21-64-75-25-71-42-73-62-16-79-37,2026-02-19 17:12:41 UTC
11,02/17/26 16:12:38,9-28-59-43-38-65-52-1-15-24-4-48-58-46-77-78-76-7-32-12,2026-02-19 17:12:41 UTC
12,02/17/26 16:16:45,45-31-7-71-79-75-21-11-23-46-22-56-1-6-61-40-74-33-47-26,2026-02-19 17:12:41 UTC
13,02/17/26 16:21:16,11-16-10-34-71-36-44-20-27-35-54-47-19-63-32-46-12-30-26-56,2026-02-19 17:12:41 UTC
14,02/17/26 16:28:39,34-44-66-65-16-58-14-4-64-27-78-67-7-19-73-36-33-28-5-48,2026-02-19 17:12:41 UTC
15,02/17/26 16:33:07,41-45-10-14-61-77-70-76-27-42-2-78-53-9-31-22-32-21-69-30,2026-02-19 17:12:41 UTC
16,02/17/26 16:37:16,64-65-62-80-9-19-16-7-15-60-48-11-8-61-67-56-20-79-6-30,2026-02-19 17:12:41 UTC
17,02/17/26 16:41:16,37-44-43-39-6-19-68-5-9-7-33-17-53-13-34-14-55-11-63-28,2026-02-19 17:12:41 UTC
18,02/17/26 16:45:27,3-32-57-72-39-2-75-69-18-8-62-48-50-19-42-21-38-10-74-35,2026-02-19 17:12:41 UTC
19,02/17/26 16:49:33,9-72-21-26-1-74-76-50-19-57-36-49-65-59-80-46-77-71-17-78,2026-02-19 17:12:38 UTC
20,02/17/26 16:53:41,43-60-44-16-62-57-56-11-66-64-52-59-8-63-74-70-46-7-53-14,2026-02-19 17:12:38 UTC
21,02/17/26 16:57:58,7-17-33-27-70-35-24-29-53-55-6-30-74-41-20-2-48-8-54-57,2026-02-19 17:12:38 UTC
22,02/17/26 17:02:16,74-70-1-36-22-31-63-3-53-58-55-79-15-28-65-76-68-29-13-20,2026-02-19 17:12:38 UTC
23,02/17/26 17:06:17,77-37-33-21-46-40-3-10-1-72-5-61-39-80-32-70-14-16-23-27,2026-02-19 17:12:38 UTC
24,02/17/26 17:11:50,56-35-36-61-11-4-30-64-60-59-6-67-43-79-10-63-34-48-14-66,2026-02-19 17:12:38 UTC
25,02/17/26 17:15:57,25-68-13-48-5-51-45-44-58-30-40-3-39-54-1-26-32-4-63-53,2026-02-19 17:12:38 UTC
26,02/17/26 17:19:55,2-51-3-15-21-48-4-6-75-59-44-17-18-20-42-68-64-13-72-23,2026-02-19 17:12:38 UTC
27,02/17/26 17:23:57,23-49-77-43-67-14-60-63-20-39-44-24-34-66-52-71-28-58-21-80,2026-02-19 17:12:38 UTC
28,02/17/26 17:31:06,23-69-31-75-62-32-73-34-79-48-15-56-6-65-26-58-33-53-4-7,2026-02-19 17:12:38 UTC
29,02/17/26 17:35:25,61-25-66-33-43-48-51-65-56-8-17-71-39-18-26-7-22-35-47-19,2026-02-19 17:12:35 UTC
30,02/17/26 17:40:05,15-17-31-34-44-3-6-41-26-35-80-51-38-47-9-66-69-67-58-12,2026-02-19 17:12:35 UTC
31,02/17/26 17:44:23,62-53-47-45-6-29-73-52-37-9-14-70-26-78-23-41-34-10-31-43,2026-02-19 17:12:35 UTC
32,02/17/26 17:48:21,74-14-51-6-49-34-23-2-57-75-11-45-54-64-21-24-32-20-13-39,2026-02-19 17:12:35 UTC
33,02/17/26 17:52:11,49-9-56-72-23-10-39-22-45-61-43-48-70-66-75-20-47-51-28-5,2026-02-19 17:12:35 UTC
34,02/17/26 17:56:06,59-15-55-40-28-34-26-65-58-49-46-35-42-75-25-79-13-10-74-21,2026-02-19 17:12:35 UTC
35,02/17/26 18:00:09,41-43-47-3-69-55-46-66-20-73-28-10-71-9-25-26-77-72-24-37,2026-02-19 17:12:35 UTC
36,02/17/26 18:04:16,60-33-4-55-15-57-35-36-24-63-54-34-56-31-18-46-14-27-44-26,2026-02-19 17:12:35 UTC
37,02/17/26 18:11:11,60-10-71-52-49-50-48-47-9-7-75-57-22-30-37-64-32-21-46-29,2026-02-19 17:12:35 UTC
38,02/17/26 18:15:17,54-22-2-36-79-30-11-21-57-16-77-70-3-25-31-23-78-6-13-74,2026-02-19 17:12:35 UTC
39,02/17/26 18:20:22,39-79-50-60-49-24-10-17-48-57-38-28-40-12-63-53-7-64-20-80,2026-02-19 17:12:32 UTC
40,02/17/26 18:25:05,38-30-31-62-6-29-5-34-12-60-66-19-10-68-13-23-25-24-33-28,2026-02-19 17:12:32 UTC
41,02/17/26 18:29:04,55-9-18-75-76-5-63-34-27-60-23-2-41-26-1-64-28-17-33-47,2026-02-19 17:12:32 UTC
42,02/17/26 18:33:05,9-38-16-26-11-73-61-30-59-7-65-58-31-79-67-80-43-72-20-33,2026-02-19 17:12:32 UTC
43,02/17/26 18:36:57,70-75-48-69-4-25-16-42-34-74-62-20-15-35-14-39-79-10-38-58,2026-02-19 17:12:32 UTC
44,02/17/26 18:41:31,21-17-14-34-78-40-33-30-8-54-50-22-27-15-4-39-20-37-71-6,2026-02-19 17:12:32 UTC
45,02/17/26 18:45:45,63-54-38-79-15-25-46-27-70-45-53-35-19-8-39-24-33-74-30-12,2026-02-19 17:12:32 UTC
46,02/17/26 18:52:41,23-48-78-31-44-27-26-73-54-52-50-9-32-80-58-70-67-68-12-66,2026-02-19 17:12:32 UTC
47,02/17/26 18:56:31,23-35-61-52-25-26-6-54-78-8-64-11-37-41-36-17-14-18-77-68,2026-02-19 17:12:32 UTC
48,02/17/26 19:00:55,70-30-3-22-16-53-67-23-17-45-74-46-42-39-2-57-41-69-77-32,2026-02-19 17:12:32 UTC
49,02/17/26 19:04:39,59-14-76-30-34-22-1-75-28-64-56-40-71-9-21-33-70-27-18-49,2026-02-19 17:12:29 UTC
50,02/17/26 19:08:25,32-72-8-21-34-73-31-43-58-17-54-77-9-59-14-30-12-38-47-79,2026-02-19 17:12:29 UTC
51,02/17/26 19:12:28,50-63-61-78-28-18-3-64-66-65-58-33-60-24-45-10-19-20-54-76,2026-02-19 17:12:29 UTC
52,02/17/26 19:16:18,38-59-50-13-21-49-68-23-64-32-29-71-41-16-75-5-77-17-4-15,2026-02-19 17:12:29 UTC
53,02/17/26 19:26:29,11-69-29-47-32-10-18-31-45-75-78-15-76-34-73-70-38-66-12-48,2026-02-19 17:12:29 UTC
54,02/17/26 19:30:38,44-40-22-38-59-31-50-46-2-26-25-55-61-71-30-28-39-13-7-73,2026-02-19 17:12:29 UTC
55,02/17/26 19:38:32,63-10-54-27-44-35-49-38-29-15-74-41-64-23-34-58-72-77-30-73,2026-02-19 17:12:29 UTC
56,02/17/26 19:45:47,37-39-11-27-44-56-29-5-16-78-65-71-8-7-42-24-41-73-14-3,2026-02-19 17:12:29 UTC
57,02/17/26 19:55:05,24-78-11-53-23-44-72-61-75-3-43-59-4-8-80-35-2-10-26-63,2026-02-19 17:12:29 UTC
58,02/17/26 20:00:09,9-74-30-16-60-73-2-57-67-43-52-8-55-32-4-70-76-37-21-56,2026-02-19 17:12:29 UTC
59,02/17/26 20:05:10,9-69-36-13-59-46-64-65-44-58-40-53-15-28-14-8-52-25-48-38,2026-02-19 17:12:26 UTC
60,02/17/26 20:09:10,71-39-78-76-69-16-42-3-50-7-59-54-35-60-11-44-30-63-64-8,2026-02-19 17:12:26 UTC
61,02/17/26 20:13:10,20-43-42-35-18-34-22-1-2-75-31-12-3-32-72-74-16-79-37-48,2026-02-19 17:12:26 UTC
62,02/17/26 20:18:42,50-14-54-75-48-35-74-24-28-34-39-38-26-52-51-73-77-13-27-47,2026-02-19 17:12:26 UTC
63,02/17/26 20:23:07,60-16-36-24-44-62-73-72-77-49-15-12-41-37-61-21-46-18-17-45,2026-02-19 17:12:26 UTC
64,02/17/26 20:27:07,57-66-76-18-77-32-7-68-24-42-5-20-1-62-22-56-39-15-51-70,2026-02-19 17:12:26 UTC
65,02/17/26 20:31:10,31-57-50-25-67-40-72-38-11-22-16-15-35-5-28-47-48-42-12-4,2026-02-19 17:12:26 UTC
66,02/17/26 20:34:48,44-3-25-69-18-43-46-52-45-79-62-8-53-22-42-78-30-50-55-39,2026-02-19 17:12:26 UTC
67,02/17/26 20:38:39,18-12-71-16-44-53-10-65-39-8-70-43-79-56-17-49-25-73-63-27,2026-02-19 17:12:26 UTC
68,02/17/26 20:42:41,60-66-16-46-59-33-15-75-6-8-19-52-28-70-3-5-79-39-11-9,2026-02-19 17:12:26 UTC
69,02/17/26 20:47:29,54-73-67-33-11-66-70-31-26-44-76-5-65-79-78-9-20-10-50-37,2026-02-19 17:12:23 UTC
70,02/17/26 20:51:31,46-4-17-68-24-49-12-62-33-16-25-61-40-34-30-10-42-67-26-31,2026-02-19 17:12:23 UTC
71,02/17/26 21:01:18,12-11-51-6-21-59-70-20-55-40-71-17-39-63-46-35-29-24-9-50,2026-02-19 17:12:23 UTC
72,02/17/26 21:05:41,38-4-56-23-39-44-33-16-27-65-13-78-54-43-22-72-62-57-10-61,2026-02-19 17:12:23 UTC
73,02/17/26 21:13:08,53-12-34-41-25-10-31-67-3-64-11-73-37-44-20-79-2-1-80-29,2026-02-19 17:12:23 UTC
74,02/17/26 21:20:47,23-43-46-29-4-7-72-36-73-39-53-40-49-58-70-66-28-65-52-19,2026-02-19 17:12:23 UTC
75,02/17/26 21:25:06,31-35-25-53-21-37-80-67-79-16-65-29-34-9-63-1-8-23-26-51,2026-02-19 17:12:23 UTC
76,02/17/26 21:29:35,36-33-13-53-71-3-34-73-11-44-15-68-23-47-48-39-4-76-9-42,2026-02-19 17:12:23 UTC
77,02/17/26 21:33:32,46-38-50-57-79-29-72-77-23-36-70-42-49-18-27-67-14-24-3-60,2026-02-19 17:12:23 UTC
78,02/17/26 21:37:31,12-13-75-16-49-3-46-66-9-35-56-4-73-62-44-38-14-1-51-22,2026-02-19 17:12:23 UTC
79,02/17/26 21:41:43,26-68-43-69-44-45-39-50-27-6-79-12-3-63-17-16-64-51-9-60,2026-02-19 17:12:20 UTC
80,02/17/26 21:45:51,58-57-63-74-42-30-20-73-18-15-32-45-76-10-64-11-13-51-72-66,2026-02-19 17:12:20 UTC
81,02/17/26 21:49:39,70-73-80-18-10-47-52-29-56-15-38-17-12-66-8-31-37-60-71-24,2026-02-19 17:12:20 UTC
82,02/17/26 21:53:21,21-23-42-4-41-56-6-69-79-13-59-67-26-46-33-18-72-62-17-60,2026-02-19 17:12:20 UTC
83,02/17/26 21:57:16,51-74-40-5-17-3-61-42-35-28-50-9-73-78-39-12-47-80-13-29,2026-02-19 17:12:20 UTC
84,02/17/26 22:01:15,76-58-42-73-64-32-10-66-33-51-77-37-36-27-75-21-67-26-69-56,2026-02-19 17:12:20 UTC
85,02/17/26 22:05:39,52-51-40-42-33-71-22-11-13-14-70-34-15-17-38-47-79-50-54-43,2026-02-19 17:12:20 UTC
86,02/17/26 22:11:20,62-47-40-33-23-69-2-80-31-59-35-28-52-9-13-64-36-27-22-8,2026-02-19 17:12:20 UTC
87,02/17/26 22:15:36,51-75-68-50-37-59-49-58-39-62-10-18-54-47-72-73-45-43-35-2,2026-02-19 17:12:20 UTC
88,02/17/26 22:19:29,25-79-42-24-8-66-11-46-69-9-49-26-58-64-54-40-61-30-7-53,2026-02-19 17:12:20 UTC
89,02/17/26 22:23:43,69-50-2-44-30-21-58-59-49-14-76-66-46-17-11-73-57-72-24-37,2026-02-19 17:12:17 UTC
90,02/17/26 22:27:35,1-8-28-15-31-7-2-26-57-35-40-50-23-46-60-56-37-19-29-42,2026-02-19 17:12:17 UTC
91,02/18/26 08:02:59,4-71-64-17-59-24-53-28-51-22-58-8-45-63-3-23-66-18-75-46,2026-02-19 17:12:17 UTC
92,02/18/26 08:07:06,48-58-39-53-59-45-46-61-78-20-70-54-32-40-16-63-12-73-79-47,2026-02-19 17:12:17 UTC
93,02/18/26 08:10:51,57-42-59-47-19-53-26-67-16-32-74-4-50-51-18-62-17-35-68-24,2026-02-19 17:12:17 UTC
94,02/18/26 08:14:48,77-75-60-50-10-63-32-80-28-37-59-23-9-65-6-29-21-16-79-51,2026-02-19 17:12:17 UTC
95,02/18/26 08:18:58,72-26-35-6-2-68-7-14-36-37-67-77-74-49-33-5-42-46-17-44,2026-02-19 17:12:17 UTC
96,02/18/26 08:23:29,23-41-67-12-62-72-55-73-66-77-80-46-68-70-18-76-56-51-34-6,2026-02-19 17:12:17 UTC
97,02/18/26 08:27:28,12-58-54-1-16-31-34-11-14-68-28-19-76-61-74-10-62-25-80-51,2026-02-19 17:12:17 UTC
98,02/18/26 08:32:06,55-28-69-56-24-12-51-44-45-60-23-41-18-63-58-29-61-19-37-57,2026-02-19 17:12:17 UTC
99,02/18/26 08:36:06,1-32-64-80-41-55-7-24-15-49-26-45-38-34-8-30-71-65-73-2,2026-02-19 17:12:14 UTC
100,02/18/26 08:47:21,37-76-18-54-39-36-38-19-72-51-41-47-61-33-31-60-67-8-40-75,2026-02-19 17:12:14 UTC
101,02/18/26 08:51:17,36-66-9-49-65-45-10-27-53-52-79-18-42-48-56-75-60-41-32-62,2026-02-19 17:12:14 UTC
102,02/18/26 08:55:20,14-61-18-44-1-62-75-4-45-11-68-16-60-2-73-51-79-28-63-59,2026-02-19 17:12:14 UTC
103,02/18/26 08:59:24,73-71-47-69-5-8-26-37-32-60-20-25-42-36-46-44-62-38-74-1,2026-02-19 17:12:14 UTC
104,02/18/26 09:03:47,61-33-58-1-76-77-42-73-32-56-19-63-2-30-51-45-17-31-18-54,2026-02-19 17:12:14 UTC
105,02/18/26 09:08:45,29-76-43-40-66-3-58-47-75-46-12-59-56-28-55-49-63-26-70-51,2026-02-19 17:12:14 UTC
106,02/18/26 09:12:49,14-19-47-49-46-44-74-65-78-40-69-59-18-55-8-33-29-12-25-68,2026-02-19 17:12:14 UTC
107,02/18/26 09:16:50,42-50-67-33-4-12-77-9-22-43-8-27-60-41-73-76-26-51-31-54,2026-02-19 17:12:14 UTC
108,02/18/26 09:20:53,18-47-32-57-74-68-42-17-7-40-60-5-36-67-23-50-69-26-33-39,2026-02-19 17:12:14 UTC
109,02/18/26 09:24:52,22-75-33-50-65-40-10-26-39-61-29-34-41-19-44-20-47-36-69-64,2026-02-19 17:12:10 UTC
110,02/18/26 09:28:41,22-72-53-34-36-65-6-35-38-41-78-13-15-8-1-23-26-3-60-68,2026-02-19 17:12:10 UTC
111,02/18/26 09:32:34,56-72-55-76-18-38-9-19-3-28-43-11-50-60-77-44-47-70-13-59,2026-02-19 17:12:10 UTC
112,02/18/26 09:36:43,15-43-60-12-18-50-48-61-64-80-28-70-16-2-74-37-78-4-73-14,2026-02-19 17:12:10 UTC
113,02/18/26 09:41:05,69-45-41-78-39-65-70-51-60-59-46-19-34-66-16-26-3-61-42-33,2026-02-19 17:12:10 UTC
114,02/18/26 09:45:15,18-47-20-70-6-76-7-35-45-36-63-30-73-68-1-79-55-53-58-28,2026-02-19 17:12:10 UTC
115,02/18/26 09:49:42,38-5-33-46-47-69-35-24-30-72-10-65-77-9-74-29-54-16-79-21,2026-02-19 17:12:10 UTC
116,02/18/26 09:53:43,71-37-14-66-73-13-53-15-51-65-58-70-20-8-42-23-30-49-54-28,2026-02-19 17:12:10 UTC
117,02/18/26 10:01:13,51-28-75-38-54-64-63-56-31-7-18-79-77-3-21-13-45-17-48-34,2026-02-19 17:12:10 UTC
118,02/18/26 10:05:34,25-50-73-4-67-57-36-74-31-71-58-37-54-11-26-78-80-3-53-46,2026-02-19 17:12:10 UTC
119,02/18/26 10:10:12,65-6-30-31-3-24-77-68-32-70-16-66-45-41-35-14-1-56-69-9,2026-02-19 17:12:07 UTC
120,02/18/26 10:15:00,35-75-4-52-17-5-70-44-60-26-21-42-14-50-12-57-18-36-77-41,2026-02-19 17:12:07 UTC
121,02/18/26 10:19:24,49-38-34-21-37-7-78-71-63-5-69-1-72-73-27-56-39-58-16-29,2026-02-19 17:12:07 UTC
122,02/18/26 10:24:41,6-30-48-79-28-20-27-43-58-76-18-37-35-11-14-17-23-15-2-62,2026-02-19 17:12:07 UTC
123,02/18/26 10:28:58,11-25-72-59-76-10-51-35-45-43-46-17-60-32-28-61-4-36-14-47,2026-02-19 17:12:07 UTC
124,02/18/26 10:33:20,26-75-29-17-19-56-73-1-15-77-57-78-18-4-63-2-42-30-44-23,2026-02-19 17:12:07 UTC
125,02/18/26 10:38:25,48-73-23-28-69-66-12-49-22-70-45-4-52-2-57-31-67-76-6-16,2026-02-19 17:12:07 UTC
126,02/18/26 10:42:48,14-71-23-19-58-33-47-72-13-75-3-55-48-76-5-28-42-18-61-59,2026-02-19 17:12:07 UTC
127,02/18/26 10:48:47,7-17-12-74-47-32-42-73-30-49-26-77-70-20-50-44-54-29-2-62,2026-02-19 17:12:07 UTC
128,02/18/26 10:53:37,35-53-68-77-58-70-72-25-31-44-14-22-8-61-5-43-6-28-40-26,2026-02-19 17:12:07 UTC
129,02/18/26 10:57:52,15-79-16-38-59-72-73-54-50-24-39-63-80-70-37-44-14-8-48-27,2026-02-19 17:12:04 UTC
130,02/18/26 11:02:13,16-10-28-73-71-72-14-31-29-78-47-15-9-8-36-60-62-54-55-12,2026-02-19 17:12:04 UTC
131,02/18/26 11:06:20,43-78-22-18-14-71-51-68-67-23-74-11-73-5-32-72-58-49-41-48,2026-02-19 17:12:04 UTC
132,02/18/26 11:13:39,77-55-68-16-7-71-1-35-73-17-2-11-25-63-47-40-61-27-70-46,2026-02-19 17:12:04 UTC
133,02/18/26 11:19:30,8-59-2-21-34-79-62-72-23-16-13-12-50-40-46-49-70-43-36-27,2026-02-19 17:12:04 UTC
134,02/18/26 11:23:55,48-25-29-63-14-9-64-11-26-80-59-72-12-53-62-75-2-66-36-67,2026-02-19 17:12:04 UTC
135,02/18/26 11:30:20,4-27-69-35-33-57-49-3-32-46-2-44-25-62-67-78-36-77-59-41,2026-02-19 17:12:04 UTC
136,02/18/26 11:34:34,46-77-63-36-58-76-15-72-56-29-33-47-57-38-80-35-68-59-23-1,2026-02-19 17:12:04 UTC
137,02/18/26 11:41:42,68-34-12-29-37-21-62-79-42-1-45-24-22-40-61-60-36-19-27-72,2026-02-19 17:12:04 UTC
138,02/18/26 11:45:27,76-16-30-20-12-45-46-72-64-48-21-6-33-15-24-77-52-74-2-57,2026-02-19 17:12:04 UTC
139,02/18/26 11:50:43,77-57-40-47-7-12-6-25-51-24-22-23-4-53-20-38-52-56-15-49,2026-02-19 17:12:01 UTC
140,02/18/26 11:55:39,31-43-42-62-7-66-58-28-17-51-50-11-8-27-15-23-65-49-18-9,2026-02-19 17:12:01 UTC
141,02/18/26 12:02:19,45-71-11-21-39-37-12-27-16-9-26-64-13-1-57-36-3-8-70-14,2026-02-19 17:12:01 UTC
142,02/18/26 12:06:43,51-25-73-35-60-19-62-22-6-58-27-38-13-21-49-52-78-45-77-31,2026-02-19 17:12:01 UTC
143,02/18/26 12:12:15,3-30-10-40-36-65-5-63-54-23-64-67-47-70-77-2-76-59-12-71,2026-02-19 17:12:01 UTC
144,02/18/26 12:20:05,65-51-66-14-63-56-22-9-70-29-11-43-59-4-40-30-26-67-76-47,2026-02-19 17:12:01 UTC
145,02/18/26 12:28:11,68-80-45-39-18-59-22-65-66-9-75-33-14-50-72-1-10-47-77-40,2026-02-19 17:12:01 UTC
146,02/18/26 12:32:55,57-36-64-40-34-7-26-55-2-49-51-52-63-12-11-78-53-41-37-74,2026-02-19 17:12:01 UTC
147,02/18/26 12:37:27,11-61-71-67-2-1-42-65-48-26-72-19-21-25-74-7-9-30-77-70,2026-02-19 17:12:01 UTC
148,02/18/26 12:41:22,28-49-80-77-69-29-33-44-22-5-25-37-15-74-21-58-50-72-54-63,2026-02-19 17:12:01 UTC
149,02/18/26 12:45:46,30-7-2-33-59-78-42-45-19-11-21-46-3-32-47-16-25-20-65-66,2026-02-19 17:11:58 UTC
150,02/18/26 12:49:25,33-16-34-12-41-27-49-52-21-17-60-67-9-54-23-50-51-15-70-18,2026-02-19 17:11:58 UTC
151,02/18/26 12:55:38,80-63-18-5-40-1-35-72-70-33-76-21-11-4-57-20-74-47-71-25,2026-02-19 17:11:58 UTC
152,02/18/26 13:00:43,73-26-8-23-78-7-32-1-59-44-29-31-33-74-5-27-2-38-30-76,2026-02-19 17:11:58 UTC
153,02/18/26 13:04:31,35-40-33-39-75-77-9-14-79-16-22-50-76-17-46-20-32-69-38-71,2026-02-19 17:11:58 UTC
154,02/18/26 13:10:45,74-70-2-76-21-52-35-12-71-1-30-19-38-68-65-63-62-6-73-45,2026-02-19 17:11:58 UTC
155,02/18/26 13:14:38,77-44-69-60-63-76-34-54-73-49-35-23-61-36-40-2-56-7-41-19,2026-02-19 17:11:58 UTC
156,02/18/26 13:18:29,1-49-69-13-29-62-51-16-20-23-52-53-74-14-42-33-15-63-22-28,2026-02-19 17:11:58 UTC
157,02/18/26 13:22:08,36-5-56-34-9-44-71-50-10-13-39-45-12-2-47-55-23-16-27-15,2026-02-19 17:11:58 UTC
158,02/18/26 13:25:47,50-69-30-63-58-26-77-60-51-43-42-5-32-67-47-7-61-34-56-9,2026-02-19 17:11:58 UTC
159,02/18/26 13:30:03,44-36-70-9-1-52-23-75-10-34-56-28-38-61-3-74-24-57-73-65,2026-02-19 17:11:55 UTC
160,02/18/26 13:33:50,56-36-57-9-46-30-43-39-38-49-17-28-29-78-22-44-64-50-10-47,2026-02-19 17:11:55 UTC
161,02/18/26 13:37:28,78-37-12-41-21-51-1-65-13-54-23-19-57-33-6-56-40-66-4-17,2026-02-19 17:11:55 UTC
162,02/18/26 13:41:25,71-7-67-63-35-46-34-16-79-57-37-33-31-26-43-30-76-44-39-61,2026-02-19 17:11:55 UTC
163,02/18/26 13:45:18,45-78-18-25-39-75-64-56-6-9-57-71-12-35-32-27-62-50-13-60,2026-02-19 17:11:55 UTC
164,02/18/26 13:48:54,7-52-73-20-33-1-27-21-38-6-58-13-4-40-79-32-46-29-19-61,2026-02-19 17:11:55 UTC
165,02/18/26 13:52:37,53-61-8-51-11-52-48-68-1-58-21-44-16-76-60-34-4-10-29-28,2026-02-19 17:11:55 UTC
166,02/18/26 13:56:19,51-72-5-38-74-39-16-8-68-79-50-54-22-70-10-73-78-63-56-60,2026-02-19 17:11:55 UTC
167,02/18/26 14:00:02,33-11-75-1-9-22-28-55-34-74-56-8-16-57-64-27-43-53-14-65,2026-02-19 17:11:55 UTC
168,02/18/26 14:05:57,30-47-21-69-36-64-27-15-16-23-3-1-14-65-45-57-25-40-7-22,2026-02-19 17:11:55 UTC
169,02/18/26 14:09:11,51-25-60-18-80-62-3-16-42-11-38-54-40-12-8-29-17-7-2-41,2026-02-19 17:11:52 UTC
170,02/18/26 14:13:36,57-75-13-6-64-3-48-32-65-2-18-43-78-11-36-4-47-7-49-24,2026-02-19 17:11:52 UTC
171,02/18/26 14:17:15,19-53-41-71-34-21-70-51-20-1-33-7-6-80-36-31-49-77-63-67,2026-02-19 17:11:52 UTC
172,02/18/26 14:21:02,19-42-41-21-49-69-38-47-17-25-33-63-61-51-26-74-29-35-8-52,2026-02-19 17:11:52 UTC
173,02/18/26 14:24:47,41-30-50-17-35-57-64-48-21-42-24-22-23-77-31-34-5-52-51-19,2026-02-19 17:11:52 UTC
174,02/18/26 14:28:21,27-67-25-68-15-3-14-66-26-17-47-10-18-57-2-51-6-1-75-22,2026-02-19 17:11:52 UTC
175,02/18/26 14:32:09,73-1-28-2-54-65-6-48-26-62-40-61-21-25-69-76-71-34-29-13,2026-02-19 17:11:52 UTC
176,02/18/26 14:37:07,23-13-25-33-79-19-29-48-53-14-73-67-15-72-64-66-54-27-6-59,2026-02-19 17:11:52 UTC
177,02/18/26 14:41:14,66-27-31-70-60-74-55-79-78-51-72-50-25-29-23-15-56-35-8-48,2026-02-19 17:11:52 UTC
178,02/18/26 14:46:22,18-69-4-21-25-37-15-22-24-30-63-8-43-80-12-32-72-38-26-59,2026-02-19 17:11:52 UTC
179,02/18/26 14:52:12,75-46-49-58-51-52-31-57-53-43-9-35-5-36-22-32-70-15-33-18,2026-02-19 17:11:49 UTC
180,02/18/26 14:58:09,72-45-3-23-37-59-40-53-9-36-66-79-26-11-35-73-25-70-21-32,2026-02-19 17:11:49 UTC
181,02/18/26 15:00:32,59-58-19-51-11-65-53-68-40-71-29-28-4-35-20-3-37-78-70-52,2026-02-19 17:11:49 UTC
182,02/18/26 15:04:08,55-67-11-50-10-22-21-47-65-79-48-40-68-43-72-29-49-7-41-71,2026-02-19 17:11:49 UTC
183,02/18/26 15:07:45,22-72-80-45-59-11-74-44-48-19-13-78-31-52-27-21-7-54-6-15,2026-02-19 17:11:49 UTC
184,02/18/26 15:12:25,76-12-56-64-59-39-79-20-31-70-15-5-26-18-21-4-27-16-48-35,2026-02-19 17:11:49 UTC
185,02/18/26 15:16:00,29-27-76-15-3-13-67-14-19-8-73-58-9-34-71-56-12-65-42-66,2026-02-19 17:11:49 UTC
186,02/18/26 15:18:38,35-71-29-57-65-6-33-51-16-47-76-61-28-34-41-7-27-5-9-48,2026-02-19 17:11:49 UTC
187,02/18/26 15:22:22,51-33-66-63-25-27-14-56-42-6-2-26-68-59-64-71-28-52-10-39,2026-02-19 17:11:49 UTC
188,02/18/26 15:26:01,66-25-15-72-9-35-78-7-21-45-42-49-13-6-12-71-28-55-52-32,2026-02-19 17:11:49 UTC
189,02/18/26 15:28:35,28-26-39-19-36-20-41-72-10-35-32-67-2-63-68-62-69-11-16-53,2026-02-19 17:11:46 UTC
190,02/18/26 15:34:44,79-27-60-23-13-28-76-17-19-16-80-78-14-12-30-40-57-29-54-9,2026-02-19 17:11:46 UTC
191,02/18/26 15:38:27,55-6-33-48-17-47-60-49-36-4-61-29-26-57-78-11-1-28-69-39,2026-02-19 17:11:46 UTC
192,02/18/26 15:43:24,20-52-37-55-11-33-19-15-31-24-36-69-51-57-30-65-28-40-50-71,2026-02-19 17:11:46 UTC
193,02/18/26 15:47:19,77-3-16-31-46-63-12-28-22-9-42-61-62-72-20-17-21-38-68-11,2026-02-19 17:11:46 UTC
194,02/18/26 15:51:08,44-40-15-43-17-12-75-8-37-35-32-24-26-29-77-73-27-41-20-34,2026-02-19 17:11:46 UTC
195,02/18/26 15:55:01,1-15-30-5-66-67-43-58-4-25-42-41-79-77-16-64-45-47-9-2,2026-02-19 17:11:46 UTC
196,02/18/26 15:59:27,65-24-32-50-80-37-3-34-71-48-56-5-27-36-52-15-28-31-30-7,2026-02-19 17:11:46 UTC
197,02/18/26 16:03:36,14-33-51-58-7-18-50-1-11-53-78-80-61-40-20-47-62-74-66-56,2026-02-19 17:11:46 UTC
198,02/18/26 16:08:51,48-77-24-63-26-6-59-45-51-8-60-7-64-57-21-78-34-40-50-18,2026-02-19 17:11:46 UTC
199,02/18/26 16:12:11,27-69-17-42-20-52-43-63-6-66-14-30-33-36-59-37-29-25-15-45,2026-02-19 17:11:43 UTC
200,02/18/26 16:15:48,42-77-6-4-62-67-59-38-14-61-17-65-69-80-68-23-10-51-40-19,2026-02-19 17:11:43 UTC
201,02/18/26 16:19:25,47-55-6-44-51-62-39-14-60-16-30-49-34-12-10-8-56-42-59-68,2026-02-19 17:11:43 UTC
202,02/18/26 16:23:00,43-24-14-28-76-22-40-38-55-1-31-48-16-60-36-61-18-6-4-26,2026-02-19 17:11:43 UTC
203,02/18/26 16:27:39,7-23-31-32-36-13-38-8-75-5-51-59-11-68-3-43-50-74-47-58,2026-02-19 17:11:43 UTC
204,02/18/26 16:31:20,67-72-50-16-8-58-49-48-78-10-68-52-26-33-32-38-63-64-53-39,2026-02-19 17:11:43 UTC
205,02/18/26 16:36:36,2-7-46-54-71-12-20-77-22-4-15-68-11-74-14-8-52-18-28-61,2026-02-19 17:11:43 UTC
206,02/18/26 16:40:49,25-36-72-45-43-28-23-39-27-37-47-57-12-75-38-30-42-74-18-49,2026-02-19 17:11:43 UTC
207,02/18/26 16:44:34,6-58-66-59-32-41-21-11-33-56-71-57-38-55-46-42-52-17-63-12,2026-02-19 17:11:43 UTC
208,02/18/26 16:48:27,23-64-47-34-43-76-16-74-35-27-78-25-26-8-62-29-4-67-66-13,2026-02-19 17:11:43 UTC
209,02/18/26 16:51:47,75-67-16-35-7-43-2-25-40-27-47-19-63-76-37-4-20-54-48-57,2026-02-19 17:11:39 UTC
210,02/18/26 16:55:13,44-53-57-7-71-34-48-14-21-19-39-69-61-18-15-8-50-6-4-49,2026-02-19 17:11:39 UTC
211,02/18/26 16:59:13,48-77-65-15-39-45-66-61-67-6-59-12-46-20-41-27-4-16-23-47,2026-02-19 17:11:39 UTC
212,02/18/26 17:03:58,58-12-27-55-80-65-38-66-57-37-70-71-30-22-33-79-50-10-76-31,2026-02-19 17:11:39 UTC
213,02/18/26 17:07:39,25-65-33-8-47-56-14-66-44-72-46-51-79-29-39-57-40-35-20-62,2026-02-19 17:11:39 UTC
214,02/18/26 17:11:53,45-71-72-10-1-23-34-19-29-53-67-56-38-32-7-35-69-16-42-60,2026-02-19 17:11:39 UTC
215,02/18/26 17:15:43,7-54-60-38-8-48-37-41-26-66-55-18-59-77-23-43-76-4-1-10,2026-02-19 17:11:39 UTC
216,02/18/26 17:21:19,49-74-45-79-4-37-36-21-34-67-73-1-41-66-25-76-71-38-77-5,2026-02-19 17:11:39 UTC
217,02/18/26 17:25:46,50-5-58-21-35-69-63-14-3-80-59-20-65-45-77-16-10-19-71-76,2026-02-19 17:11:39 UTC
218,02/18/26 17:29:33,78-3-23-16-75-54-4-19-36-46-26-5-39-18-34-37-66-70-30-28,2026-02-19 17:11:39 UTC
219,02/18/26 17:33:26,71-56-65-26-27-57-5-33-41-72-18-7-31-76-73-14-42-25-47-13,2026-02-19 17:11:36 UTC
220,02/18/26 17:37:10,54-16-44-69-79-61-35-72-51-40-38-20-27-33-18-11-9-21-42-74,2026-02-19 17:11:36 UTC
221,02/18/26 17:40:54,40-72-56-69-8-64-39-80-47-52-32-41-76-68-57-19-20-14-25-16,2026-02-19 17:11:36 UTC
222,02/18/26 17:44:41,3-20-80-50-11-32-75-30-2-13-72-57-36-1-64-5-7-26-37-4,2026-02-19 17:11:36 UTC
223,02/18/26 17:48:38,32-7-26-67-13-23-3-64-11-35-79-1-56-49-52-74-21-31-68-16,2026-02-19 17:11:36 UTC
224,02/18/26 17:53:34,6-11-70-36-15-39-5-31-65-37-47-68-22-13-38-1-46-61-54-28,2026-02-19 17:11:36 UTC
225,02/18/26 17:57:25,17-40-66-10-62-44-37-4-69-31-42-47-74-50-14-71-34-27-38-7,2026-02-19 17:11:36 UTC
226,02/18/26 18:02:02,56-31-38-51-40-4-34-74-79-1-6-20-76-16-8-69-3-13-66-70,2026-02-19 17:11:36 UTC
227,02/18/26 18:06:29,71-40-15-60-5-10-77-36-63-1-68-32-38-6-26-4-42-33-17-19,2026-02-19 17:11:36 UTC
228,02/18/26 18:10:20,24-18-50-6-16-34-59-29-71-31-17-1-30-62-47-69-72-41-14-39,2026-02-19 17:11:36 UTC
229,02/18/26 18:14:50,66-77-20-28-33-67-58-21-13-75-37-62-71-51-53-52-60-47-14-17,2026-02-19 17:11:33 UTC
230,02/18/26 18:18:30,54-20-35-79-22-55-77-15-37-39-3-56-52-42-63-68-51-14-4-25,2026-02-19 17:11:33 UTC
231,02/18/26 18:22:08,21-47-9-35-16-43-34-20-63-44-25-36-37-38-6-40-15-23-18-54,2026-02-19 17:11:33 UTC
232,02/18/26 18:31:18,27-76-78-45-77-55-31-3-71-20-73-64-52-2-26-37-53-58-5-42,2026-02-19 17:11:33 UTC
233,02/18/26 18:38:48,49-58-6-42-26-12-74-57-5-1-28-10-59-53-20-69-17-32-44-77,2026-02-19 17:11:33 UTC
234,02/18/26 18:45:21,54-67-13-1-72-6-36-28-24-42-34-58-11-22-65-31-14-50-53-18,2026-02-19 17:11:33 UTC
235,02/18/26 18:49:02,44-72-77-38-75-35-40-39-70-32-31-4-64-22-46-67-51-79-16-49,2026-02-19 17:11:33 UTC
236,02/18/26 18:52:09,41-64-45-57-9-5-76-71-28-2-7-33-30-73-77-8-67-26-16-52,2026-02-19 17:11:33 UTC
237,02/18/26 18:56:26,35-28-5-15-1-77-48-54-46-49-33-73-50-72-7-41-59-74-76-3,2026-02-19 17:11:33 UTC
238,02/18/26 19:01:24,42-63-67-29-80-10-76-27-14-12-57-74-38-64-52-55-49-35-51-5,2026-02-19 17:11:33 UTC
239,02/18/26 19:07:05,27-18-48-78-36-67-77-30-58-70-72-44-8-66-20-39-71-41-31-35,2026-02-19 17:11:30 UTC
240,02/18/26 19:10:45,55-64-61-11-41-68-6-43-62-33-59-2-8-76-50-25-13-35-67-23,2026-02-19 17:11:30 UTC
241,02/18/26 19:14:22,56-21-31-4-41-47-64-29-42-74-37-50-78-40-36-26-34-17-62-53,2026-02-19 17:11:30 UTC
242,02/18/26 19:17:34,16-8-1-74-79-49-28-21-26-2-60-35-65-47-63-48-43-77-66-32,2026-02-19 17:11:30 UTC
243,02/18/26 19:21:29,55-47-33-72-59-32-34-22-67-10-61-44-42-46-2-11-50-56-45-9,2026-02-19 17:11:30 UTC
244,02/18/26 19:25:06,24-23-46-58-32-47-78-19-43-31-76-51-5-34-35-64-38-59-21-44,2026-02-19 17:11:30 UTC
245,02/18/26 19:28:47,80-58-21-3-5-1-71-32-74-38-79-39-61-24-42-53-16-17-33-77,2026-02-19 17:11:30 UTC
246,02/18/26 19:35:00,47-53-42-79-14-15-39-58-76-7-31-9-71-26-72-27-73-44-29-38,2026-02-19 17:11:30 UTC
247,02/18/26 19:38:47,65-47-51-6-50-62-2-68-72-13-44-18-70-42-4-17-11-7-26-48,2026-02-19 17:11:30 UTC
248,02/18/26 19:42:25,43-74-7-57-44-67-63-62-15-33-79-50-70-61-39-18-38-69-73-21,2026-02-19 17:11:30 UTC
249,02/18/26 19:45:51,77-25-22-26-69-70-79-28-38-57-55-64-4-8-42-31-37-74-14-16,2026-02-19 17:11:27 UTC
250,02/18/26 19:49:28,48-39-29-13-67-63-62-60-6-59-4-28-10-79-66-31-17-64-8-42,2026-02-19 17:11:27 UTC
251,02/18/26 19:52:03,51-30-10-48-19-29-37-57-7-38-22-46-15-72-13-66-39-77-79-25,2026-02-19 17:11:27 UTC
252,02/18/26 19:55:45,24-8-1-56-64-78-54-6-2-17-22-9-20-12-60-10-73-52-31-29,2026-02-19 17:11:27 UTC
253,02/18/26 20:00:49,67-42-65-37-63-45-3-2-36-16-73-32-48-59-12-9-38-55-28-54,2026-02-19 17:11:27 UTC
254,02/18/26 20:04:59,38-45-32-54-1-73-13-58-7-59-15-64-5-29-66-71-26-41-39-4,2026-02-19 17:11:27 UTC
255,02/18/26 20:09:04,29-25-2-34-42-67-70-76-18-12-43-57-74-54-66-50-72-1-56-28,2026-02-19 17:11:27 UTC
256,02/18/26 20:13:20,76-16-21-14-50-64-43-41-3-32-40-51-71-2-24-77-4-10-47-25,2026-02-19 17:11:27 UTC
257,02/18/26 20:17:14,54-28-27-49-35-34-26-75-10-57-13-44-5-23-73-16-2-56-66-63,2026-02-19 17:11:27 UTC
258,02/18/26 20:21:20,41-67-31-7-35-73-77-43-29-8-27-48-12-46-22-32-66-59-10-24,2026-02-19 17:11:27 UTC
259,02/18/26 20:25:15,63-71-50-45-9-70-69-42-28-30-33-1-17-15-46-25-34-47-61-60,2026-02-19 17:11:24 UTC
260,02/18/26 20:29:38,41-3-24-9-54-45-14-5-4-23-46-32-49-66-25-37-6-22-58-51,2026-02-19 17:11:24 UTC
261,02/18/26 20:33:16,66-74-31-7-12-34-1-15-20-41-3-8-25-30-68-13-21-61-77-23,2026-02-19 17:11:24 UTC
262,02/18/26 20:37:18,44-53-32-16-41-79-12-23-5-60-63-64-54-27-55-11-38-48-76-14,2026-02-19 17:11:24 UTC
263,02/18/26 20:41:13,29-71-37-2-21-77-75-59-46-70-15-13-33-72-76-78-10-43-16-53,2026-02-19 17:11:24 UTC
264,02/18/26 20:45:05,53-32-63-6-1-72-2-45-31-61-10-69-21-67-16-39-76-5-25-78,2026-02-19 17:11:24 UTC
265,02/18/26 20:49:02,59-61-42-72-33-9-40-11-56-2-38-28-3-16-69-74-68-75-73-52,2026-02-19 17:11:24 UTC
266,02/18/26 20:54:48,62-33-63-48-80-8-40-70-41-28-16-23-73-42-19-26-18-51-10-11,2026-02-19 17:11:24 UTC
267,02/18/26 20:58:31,3-62-35-38-67-55-22-28-32-48-30-66-61-9-53-58-75-27-47-7,2026-02-19 17:11:24 UTC
268,02/18/26 21:02:04,26-21-65-47-72-19-66-44-42-62-18-60-45-50-64-49-4-29-59-67,2026-02-19 17:11:24 UTC
269,02/18/26 21:06:26,70-43-19-37-72-78-69-9-5-25-13-49-60-27-36-40-52-50-55-21,2026-02-19 17:11:21 UTC
270,02/18/26 21:12:32,4-52-23-62-69-72-11-45-30-24-12-32-61-19-53-33-13-8-16-80,2026-02-19 17:11:21 UTC
271,02/18/26 21:16:08,63-25-39-11-76-41-47-46-64-6-5-18-21-28-45-38-80-20-49-67,2026-02-19 17:11:21 UTC
272,02/18/26 21:19:37,54-45-70-37-8-76-71-60-28-36-2-74-78-65-73-17-21-4-9-64,2026-02-19 17:11:21 UTC
273,02/18/26 21:23:12,74-52-19-14-3-44-67-31-49-55-36-59-1-70-8-60-27-16-48-15,2026-02-19 17:11:21 UTC
274,02/18/26 21:26:30,54-56-11-55-24-31-27-51-14-37-39-38-2-9-53-78-12-76-77-64,2026-02-19 17:11:21 UTC
275,02/18/26 21:30:13,66-63-9-46-29-37-40-50-73-60-27-13-44-21-58-22-61-4-8-33,2026-02-19 17:11:21 UTC
276,02/18/26 21:34:04,37-46-16-27-18-29-51-57-78-55-69-63-43-10-2-80-13-60-77-62,2026-02-19 17:11:21 UTC
277,02/18/26 21:38:08,20-69-31-40-45-46-55-38-51-11-44-78-62-61-52-68-54-18-14-63,2026-02-19 17:11:21 UTC
278,02/18/26 21:41:51,57-28-77-15-20-48-78-18-36-37-21-51-10-58-41-39-79-40-80-26,2026-02-19 17:11:21 UTC
279,02/18/26 21:45:31,22-5-66-23-38-40-46-12-64-56-49-7-75-26-62-59-42-65-71-60,2026-02-19 17:11:18 UTC
280,02/18/26 21:49:20,1-35-42-41-7-66-2-70-61-29-63-49-11-58-26-33-21-31-36-57,2026-02-19 17:11:18 UTC
281,02/18/26 21:53:19,31-6-45-57-67-41-50-69-56-22-35-52-34-12-21-63-7-59-10-49,2026-02-19 17:11:18 UTC
282,02/18/26 21:57:02,62-77-34-45-12-37-46-57-72-48-58-25-31-40-22-9-17-54-50-39,2026-02-19 17:11:18 UTC
283,02/18/26 22:00:55,26-27-55-19-78-33-45-41-63-67-62-58-60-69-49-76-57-23-28-9,2026-02-19 17:11:18 UTC
284,02/18/26 22:06:59,79-10-19-58-23-38-8-21-43-69-59-56-25-70-33-18-41-17-32-76,2026-02-19 17:11:18 UTC
285,02/18/26 22:12:43,39-34-27-2-1-9-52-19-28-76-13-41-7-37-46-79-66-49-75-48,2026-02-19 17:11:18 UTC
286,02/18/26 22:16:17,74-52-43-30-57-12-79-63-1-23-4-65-55-38-25-47-33-8-39-48,2026-02-19 17:11:18 UTC
287,02/18/26 22:21:15,79-66-25-67-15-5-44-53-50-3-42-23-62-35-52-40-54-30-7-48,2026-02-19 17:11:18 UTC
288,02/18/26 22:29:38,32-17-28-59-43-52-14-8-79-76-41-35-9-46-64-25-4-23-16-5,2026-02-19 17:11:18 UTC
289,02/18/26 22:33:36,55-36-10-57-53-68-60-11-3-35-12-77-43-59-44-9-49-2-8-33,2026-02-19 17:11:15 UTC
290,02/18/26 22:36:34,20-58-12-39-28-22-57-5-7-18-72-16-11-53-64-45-13-8-4-50,2026-02-19 17:11:15 UTC
291,02/18/26 22:38:47,24-13-69-26-16-3-10-22-30-43-21-65-54-33-74-29-32-58-19-52,2026-02-19 17:11:15 UTC
292,02/19/26 08:00:25,54-48-27-80-50-74-11-46-73-69-60-3-16-15-72-13-36-18-39-58,2026-02-19 17:11:15 UTC
293,02/19/26 08:06:27,55-44-67-79-19-59-74-37-28-45-16-73-13-71-52-56-62-66-5-33,2026-02-19 17:11:15 UTC
294,02/19/26 08:10:18,71-74-51-45-50-48-12-47-46-37-53-60-26-4-56-77-21-8-2-3,2026-02-19 17:11:15 UTC
295,02/19/26 08:13:59,29-65-7-2-53-3-10-27-30-47-40-55-69-64-18-70-15-8-46-5,2026-02-19 17:11:15 UTC
296,02/19/26 08:17:46,70-57-28-35-24-49-33-61-36-69-79-48-46-6-50-7-62-76-31-64,2026-02-19 17:11:15 UTC
297,02/19/26 08:21:39,26-46-39-34-14-52-6-55-44-62-16-18-15-40-1-8-58-57-25-49,2026-02-19 17:11:15 UTC
298,02/19/26 08:25:30,61-55-14-79-53-65-24-34-35-31-66-75-60-1-37-16-63-12-26-71,2026-02-19 17:11:15 UTC
299,02/19/26 08:29:10,29-43-46-58-35-31-76-61-23-44-50-6-17-49-64-70-18-56-71-1,2026-02-19 17:11:12 UTC
300,02/19/26 08:32:54,29-4-18-2-60-28-1-47-74-8-76-22-72-63-51-57-78-38-49-77,2026-02-19 17:11:12 UTC
301,02/19/26 08:36:39,48-63-47-27-28-19-66-39-50-64-4-1-38-29-32-23-54-46-79-33,2026-02-19 17:11:12 UTC
302,02/19/26 08:40:19,46-49-59-27-18-79-62-57-44-19-7-2-10-13-5-68-39-12-54-47,2026-02-19 17:11:12 UTC
303,02/19/26 08:44:06,55-63-53-60-25-19-35-8-27-67-44-21-74-56-78-29-18-22-2-47,2026-02-19 17:11:12 UTC
304,02/19/26 08:47:52,8-48-76-14-6-22-60-21-12-39-42-41-30-10-24-80-20-23-31-3,2026-02-19 17:11:12 UTC
305,02/19/26 08:53:47,75-34-20-22-37-55-44-33-24-3-68-32-51-60-43-5-31-62-1-2,2026-02-19 17:11:12 UTC
306,02/19/26 08:57:31,17-74-52-37-73-3-55-66-39-2-24-9-78-71-19-48-4-5-14-10,2026-02-19 17:11:12 UTC
307,02/19/26 09:01:05,76-34-77-29-39-78-58-57-7-75-44-61-27-18-14-4-51-72-62-45,2026-02-19 17:11:12 UTC
308,02/19/26 09:08:12,65-60-35-33-49-63-25-22-66-31-58-78-48-10-21-43-26-67-74-36,2026-02-19 17:11:11 UTC
808,02/16/26 13:30:53,75-42-5-23-19-66-35-34-57-64-21-44-54-76-77-6-74-14-73-49,2026-02-19 17:13:43 UTC
809,02/16/26 13:35:16,70-5-58-41-2-28-79-73-60-34-1-40-74-18-67-35-76-12-21-61,2026-02-19 17:13:43 UTC
810,02/16/26 13:38:55,62-61-31-53-78-47-27-45-1-35-54-39-66-73-71-46-67-51-7-36,2026-02-19 17:13:43 UTC
811,02/16/26 13:42:35,67-1-8-33-27-50-72-26-10-30-45-52-18-46-36-40-14-34-38-53,2026-02-19 17:13:43 UTC
812,02/16/26 13:46:30,77-25-64-62-14-67-53-42-43-2-34-70-79-49-76-71-7-78-57-8,2026-02-19 17:13:43 UTC
813,02/16/26 13:50:41,31-34-16-70-42-13-12-79-52-1-5-18-47-54-45-58-63-77-41-44,2026-02-19 17:13:43 UTC
814,02/16/26 14:00:34,2-13-44-23-58-72-43-4-45-34-69-36-60-66-52-22-47-79-71-39,2026-02-19 17:13:43 UTC
815,02/16/26 14:04:57,53-2-62-69-36-31-7-33-26-21-74-32-4-64-19-78-43-30-10-41,2026-02-19 17:13:43 UTC
816,02/16/26 14:08:44,2-75-55-35-51-80-17-1-52-23-26-9-37-18-70-12-58-40-38-69,2026-02-19 17:13:43 UTC
817,02/16/26 14:13:31,51-34-44-1-17-45-29-31-8-16-75-30-48-54-62-65-46-13-21-58,2026-02-19 17:13:43 UTC
818,02/16/26 14:21:29,78-14-46-2-74-11-52-4-71-63-7-1-44-24-8-29-77-62-50-58,2026-02-19 17:13:40 UTC
819,02/16/26 14:27:44,28-44-1-5-51-36-47-55-38-49-53-22-8-31-80-69-12-60-39-15,2026-02-19 17:13:40 UTC
820,02/16/26 14:31:26,51-67-27-15-47-11-21-20-1-22-3-29-19-77-37-49-32-70-62-76,2026-02-19 17:13:40 UTC
821,02/16/26 14:35:33,3-34-11-42-72-7-46-32-23-10-15-25-67-74-54-8-70-66-35-21,2026-02-19 17:13:40 UTC
822,02/16/26 14:39:26,21-67-38-14-2-10-32-3-76-22-27-8-34-45-62-18-74-50-20-31,2026-02-19 17:13:40 UTC
823,02/16/26 14:43:30,75-77-24-54-44-56-4-57-80-9-46-70-71-29-14-12-50-51-23-32,2026-02-19 17:13:40 UTC
824,02/16/26 14:50:58,43-63-23-64-27-78-3-26-56-34-12-13-48-66-71-36-17-41-25-52,2026-02-19 17:13:40 UTC
825,02/16/26 14:55:27,30-25-71-5-50-2-7-56-27-46-80-26-66-54-17-59-73-57-76-61,2026-02-19 17:13:40 UTC
826,02/16/26 15:00:55,9-12-29-11-50-63-46-33-23-79-4-76-24-34-68-55-64-26-15-62,2026-02-19 17:13:40 UTC
827,02/16/26 15:07:35,23-29-72-12-57-28-41-8-63-17-62-64-66-24-61-78-38-76-10-18,2026-02-19 17:13:40 UTC
828,02/16/26 15:11:22,77-73-9-46-4-62-52-40-24-2-20-50-12-1-37-63-10-66-29-34,2026-02-19 17:13:37 UTC
829,02/16/26 15:17:12,52-54-8-57-78-39-10-19-56-79-42-26-32-7-46-69-71-53-49-16,2026-02-19 17:13:37 UTC
830,02/16/26 15:20:56,67-63-54-33-17-43-73-80-36-32-4-23-19-30-49-65-64-8-27-46,2026-02-19 17:13:37 UTC
831,02/16/26 15:25:24,76-3-67-27-43-80-68-72-35-66-71-1-65-45-2-39-8-21-26-29,2026-02-19 17:13:37 UTC
832,02/16/26 15:29:21,14-70-48-46-43-21-50-71-49-18-59-73-40-17-47-55-9-65-25-34,2026-02-19 17:13:37 UTC
833,02/16/26 15:33:58,33-26-19-31-55-61-69-49-77-21-68-54-65-72-32-34-12-66-41-76,2026-02-19 17:13:37 UTC
834,02/16/26 15:37:37,33-44-47-57-24-42-65-77-61-31-53-50-34-58-32-27-15-16-2-46,2026-02-19 17:13:37 UTC
835,02/16/26 15:41:18,45-52-27-8-10-48-13-29-14-49-61-34-1-79-35-58-59-56-7-42,2026-02-19 17:13:37 UTC
836,02/16/26 15:54:27,37-34-28-29-14-7-40-63-39-43-31-33-64-12-67-51-2-75-47-52,2026-02-19 17:13:37 UTC
837,02/16/26 16:01:39,42-1-67-38-66-33-26-36-53-18-27-30-5-31-20-47-51-64-4-2,2026-02-19 17:13:37 UTC
838,02/16/26 16:06:16,32-44-66-10-77-37-4-9-67-20-22-39-36-27-48-72-58-65-5-54,2026-02-19 17:13:34 UTC
839,02/16/26 16:10:28,27-40-66-78-4-68-58-31-24-7-53-51-8-41-37-54-30-21-32-22,2026-02-19 17:13:34 UTC
840,02/16/26 16:14:09,67-40-21-30-32-15-5-14-71-28-78-37-53-60-10-73-76-62-66-4,2026-02-19 17:13:34 UTC
841,02/16/26 16:24:49,80-18-42-54-23-61-57-4-55-50-1-12-31-34-65-38-43-66-40-26,2026-02-19 17:13:34 UTC
842,02/16/26 16:30:29,65-20-32-44-30-39-66-33-64-74-40-19-24-53-51-43-5-58-27-56,2026-02-19 17:13:34 UTC
843,02/16/26 16:34:55,4-20-23-39-25-66-21-24-64-18-30-52-8-44-75-58-76-72-27-53,2026-02-19 17:13:34 UTC
844,02/16/26 16:39:46,79-27-26-72-30-29-66-68-13-56-23-11-43-62-8-32-42-77-45-40,2026-02-19 17:13:34 UTC
845,02/16/26 16:43:52,34-47-49-64-31-28-6-29-63-71-48-65-46-24-53-51-76-55-17-54,2026-02-19 17:13:34 UTC
846,02/16/26 16:50:28,75-28-66-47-3-32-69-31-20-19-74-21-60-9-26-52-62-38-15-40,2026-02-19 17:13:34 UTC
847,02/16/26 16:55:53,51-31-43-37-5-26-60-75-36-25-12-46-39-18-58-14-3-9-41-62,2026-02-19 17:13:34 UTC
848,02/16/26 17:00:01,10-35-31-14-16-65-3-30-62-42-73-12-52-75-47-49-54-39-43-38,2026-02-19 17:13:31 UTC
849,02/16/26 17:17:55,64-8-26-76-67-4-33-15-51-59-28-22-21-14-47-7-54-48-9-3,2026-02-19 17:13:31 UTC
850,02/16/26 17:22:54,18-21-63-19-60-13-8-14-69-67-33-52-28-42-23-46-55-72-20-64,2026-02-19 17:13:31 UTC
851,02/16/26 17:27:02,50-43-2-68-19-56-76-78-22-70-51-36-69-39-79-72-57-35-1-15,2026-02-19 17:13:31 UTC
852,02/16/26 17:30:53,61-23-17-3-25-1-18-21-69-39-7-8-80-32-9-46-16-78-41-2,2026-02-19 17:13:31 UTC
853,02/16/26 17:34:54,12-9-68-19-72-1-39-43-65-31-55-49-50-36-40-26-62-66-80-27,2026-02-19 17:13:31 UTC
854,02/16/26 17:39:44,79-13-37-26-75-10-57-7-38-47-40-3-17-74-56-60-15-21-66-14,2026-02-19 17:13:31 UTC
855,02/16/26 17:43:35,18-38-48-5-7-39-20-67-10-59-17-35-23-49-19-37-66-30-42-47,2026-02-19 17:13:31 UTC
856,02/16/26 17:49:03,9-1-61-20-22-70-7-73-64-41-10-67-59-72-77-50-46-62-36-66,2026-02-19 17:13:31 UTC
857,02/16/26 17:52:43,37-60-26-15-69-11-27-44-47-63-46-52-2-19-30-6-57-45-31-41,2026-02-19 17:13:31 UTC
858,02/16/26 17:56:42,37-52-40-5-35-77-56-27-17-57-67-59-18-8-55-13-48-29-21-32,2026-02-19 17:13:28 UTC
859,02/16/26 18:01:04,46-80-42-75-17-21-45-3-79-32-67-65-37-54-19-8-47-43-10-62,2026-02-19 17:13:28 UTC
860,02/16/26 18:05:08,1-56-70-65-77-71-62-29-5-63-55-35-60-53-68-19-67-13-32-3,2026-02-19 17:13:28 UTC
861,02/16/26 18:09:37,62-28-43-8-25-10-31-63-9-74-20-35-17-58-76-51-34-14-79-49,2026-02-19 17:13:28 UTC
862,02/16/26 18:13:52,28-37-78-1-64-69-70-34-25-51-44-16-26-7-5-12-47-18-71-39,2026-02-19 17:13:28 UTC
863,02/16/26 18:18:06,30-23-19-50-9-35-59-4-70-38-32-48-18-41-11-36-45-22-60-5,2026-02-19 17:13:28 UTC
864,02/16/26 18:22:13,1-8-7-55-6-70-38-28-29-24-45-67-3-69-57-9-20-46-32-71,2026-02-19 17:13:28 UTC
865,02/16/26 18:26:26,38-61-32-67-57-5-42-79-3-40-2-25-27-73-56-48-6-50-70-77,2026-02-19 17:13:28 UTC
866,02/16/26 18:30:18,33-41-3-76-63-54-68-71-73-48-43-59-16-38-26-12-53-25-34-30,2026-02-19 17:13:28 UTC
867,02/16/26 18:34:33,44-72-80-22-32-70-13-30-21-39-2-55-67-25-4-57-62-11-29-23,2026-02-19 17:13:28 UTC
868,02/16/26 18:38:46,41-71-54-47-8-60-37-74-5-21-1-20-56-43-25-64-18-22-58-67,2026-02-19 17:13:25 UTC
869,02/16/26 18:43:12,42-66-6-11-20-61-73-63-53-54-78-48-71-2-12-40-28-62-15-38,2026-02-19 17:13:25 UTC
870,02/16/26 18:46:58,43-36-53-39-13-16-10-76-56-49-11-34-74-22-51-5-69-68-4-65,2026-02-19 17:13:25 UTC
871,02/16/26 18:51:12,53-11-22-67-33-12-13-58-25-14-24-7-3-26-1-9-55-48-2-21,2026-02-19 17:13:25 UTC
872,02/16/26 18:55:31,64-29-73-38-39-62-75-24-22-1-7-33-71-28-19-43-57-63-66-15,2026-02-19 17:13:25 UTC
873,02/16/26 18:59:33,61-75-46-20-27-44-72-17-6-33-22-60-3-70-28-59-10-47-5-13,2026-02-19 17:13:25 UTC
874,02/16/26 19:03:31,40-32-34-17-15-78-29-58-53-72-3-12-41-2-62-26-57-49-21-42,2026-02-19 17:13:25 UTC
875,02/16/26 19:08:26,60-31-21-57-33-49-77-11-46-74-55-45-20-2-68-66-48-32-47-1,2026-02-19 17:13:25 UTC
876,02/16/26 19:12:30,59-34-4-28-18-48-5-19-43-46-11-79-49-53-42-51-54-78-73-26,2026-02-19 17:13:25 UTC
877,02/16/26 19:18:17,58-57-4-69-14-72-28-44-41-67-17-78-48-54-5-52-8-71-34-27,2026-02-19 17:13:25 UTC
878,02/16/26 19:22:18,63-20-71-34-75-59-24-58-67-47-37-17-39-16-3-30-53-46-8-51,2026-02-19 17:13:22 UTC
879,02/16/26 19:26:11,45-1-10-32-4-50-76-67-39-5-54-72-37-75-7-40-24-51-27-6,2026-02-19 17:13:22 UTC
880,02/16/26 19:30:14,62-40-60-10-51-9-57-27-29-73-50-41-23-19-77-47-3-35-31-71,2026-02-19 17:13:22 UTC
881,02/16/26 19:36:28,37-33-34-32-73-64-22-35-60-21-63-40-16-47-78-7-57-59-12-62,2026-02-19 17:13:22 UTC
882,02/16/26 19:40:27,47-22-34-2-66-79-59-70-3-69-6-54-29-52-13-11-5-20-63-4,2026-02-19 17:13:22 UTC
883,02/16/26 19:44:36,29-28-72-12-55-33-27-78-63-50-59-76-52-15-60-34-80-45-37-75,2026-02-19 17:13:22 UTC
884,02/16/26 19:50:46,54-47-76-9-80-13-31-8-46-5-61-45-29-12-2-35-3-73-14-28,2026-02-19 17:13:22 UTC
885,02/16/26 19:55:09,79-9-31-55-16-35-28-38-1-69-44-8-51-39-33-45-43-50-62-20,2026-02-19 17:13:22 UTC
886,02/16/26 19:59:36,70-24-47-51-75-77-54-80-36-59-55-74-3-58-34-40-13-73-68-46,2026-02-19 17:13:22 UTC
887,02/16/26 20:03:49,75-18-35-71-40-58-50-34-4-2-73-1-53-29-51-63-21-62-25-43,2026-02-19 17:13:22 UTC
888,02/16/26 20:08:01,25-52-40-1-57-56-39-51-42-60-45-10-14-72-4-64-66-27-31-36,2026-02-19 17:13:19 UTC
889,02/16/26 20:12:10,40-75-4-41-76-24-74-77-17-61-18-23-15-39-6-7-68-73-57-14,2026-02-19 17:13:19 UTC
890,02/16/26 20:18:39,67-36-28-29-47-65-66-59-21-44-6-46-24-71-20-70-33-41-58-45,2026-02-19 17:13:19 UTC
891,02/16/26 20:28:09,52-29-21-28-35-4-10-50-11-77-49-9-73-46-75-22-80-26-61-15,2026-02-19 17:13:19 UTC
892,02/16/26 20:33:39,65-17-36-16-78-27-77-5-4-67-74-59-35-2-60-28-58-47-49-23,2026-02-19 17:13:19 UTC
893,02/16/26 20:37:27,40-23-66-31-80-46-63-3-1-4-15-30-28-41-59-25-78-45-50-64,2026-02-19 17:13:19 UTC
894,02/16/26 20:41:28,8-10-12-76-63-22-20-56-78-39-32-9-49-73-62-41-50-66-2-70,2026-02-19 17:13:19 UTC
895,02/16/26 20:45:55,66-71-9-12-39-56-1-22-70-27-18-5-38-41-23-55-33-49-54-69,2026-02-19 17:13:19 UTC
896,02/16/26 20:49:48,22-13-19-75-21-26-74-67-25-58-79-14-50-78-2-76-41-71-17-34,2026-02-19 17:13:19 UTC
897,02/16/26 20:54:48,66-44-42-9-10-64-11-48-74-15-56-43-78-14-45-12-46-38-63-17,2026-02-19 17:13:19 UTC
898,02/16/26 21:00:55,25-49-2-36-62-46-41-37-73-16-33-27-12-75-30-4-3-58-53-38,2026-02-19 17:13:16 UTC
899,02/16/26 21:07:23,14-2-75-7-67-11-32-10-39-13-44-53-1-40-43-76-9-37-36-3,2026-02-19 17:13:16 UTC
900,02/16/26 21:11:15,77-61-69-21-35-11-8-6-40-17-25-37-72-55-58-42-50-13-14-33,2026-02-19 17:13:16 UTC
901,02/16/26 21:21:31,7-31-50-69-38-42-48-37-77-76-10-1-64-58-11-18-63-60-67-54,2026-02-19 17:13:16 UTC
902,02/16/26 21:26:50,79-63-68-19-72-18-80-38-44-15-70-6-10-32-50-64-60-39-74-73,2026-02-19 17:13:16 UTC
903,02/16/26 21:30:31,23-48-7-6-55-39-31-37-26-66-69-64-76-12-47-22-19-42-20-32,2026-02-19 17:13:16 UTC
904,02/16/26 21:34:17,8-67-70-60-51-18-77-31-14-71-16-5-9-43-10-27-44-26-72-1,2026-02-19 17:13:16 UTC
905,02/16/26 21:37:51,5-54-79-32-60-9-59-62-19-2-48-21-70-69-12-40-14-8-7-4,2026-02-19 17:13:16 UTC
906,02/16/26 21:41:52,71-40-64-72-4-80-39-28-77-75-29-32-35-25-33-16-31-49-5-58,2026-02-19 17:13:16 UTC
907,02/16/26 21:44:48,27-68-73-61-26-67-53-11-76-56-72-35-47-54-28-16-66-19-75-24,2026-02-19 17:13:16 UTC
908,02/16/26 21:51:03,78-3-50-67-2-38-15-32-47-60-42-18-45-7-43-10-55-13-69-35,2026-02-19 17:13:12 UTC
909,02/16/26 22:01:25,55-26-8-7-78-34-77-40-29-69-38-80-15-6-18-13-31-36-56-46,2026-02-19 17:13:12 UTC
910,02/16/26 22:05:20,24-54-33-12-38-59-31-67-61-48-47-39-1-6-51-23-41-8-79-19,2026-02-19 17:13:12 UTC
911,02/16/26 22:08:32,79-77-26-20-13-9-17-4-15-53-25-30-69-1-2-40-44-46-73-29,2026-02-19 17:13:12 UTC
912,02/16/26 22:12:42,38-33-47-19-16-53-52-79-75-3-29-15-30-23-37-77-49-59-46-65,2026-02-19 17:13:12 UTC
913,02/16/26 22:16:16,78-67-65-29-41-12-58-63-24-76-71-35-8-31-37-52-56-21-30-49,2026-02-19 17:13:12 UTC
914,02/16/26 22:20:06,4-24-55-25-80-16-47-9-19-23-68-37-34-46-2-65-69-15-52-64,2026-02-19 17:13:12 UTC
915,02/16/26 22:25:35,24-41-10-52-37-80-54-68-30-31-71-39-49-20-27-5-13-63-32-6,2026-02-19 17:13:12 UTC
916,02/17/26 08:06:37,65-80-26-69-75-23-73-43-12-7-50-21-41-13-68-19-55-54-76-30,2026-02-19 17:13:12 UTC
917,02/17/26 08:13:52,18-80-66-1-55-65-50-37-52-14-15-36-46-64-62-41-11-40-68-29,2026-02-19 17:13:12 UTC
918,02/17/26 08:17:52,43-15-35-21-67-44-10-6-45-72-41-4-23-11-13-1-50-28-8-18,2026-02-19 17:13:09 UTC
919,02/17/26 08:21:33,38-18-25-12-11-34-59-14-39-48-40-45-76-10-53-24-57-72-32-56,2026-02-19 17:13:09 UTC
920,02/17/26 08:25:58,73-37-74-21-66-10-28-11-13-55-25-33-36-51-70-26-20-56-16-64,2026-02-19 17:13:09 UTC
921,02/17/26 08:29:56,79-62-13-53-59-33-2-56-45-24-32-74-80-75-46-41-73-65-22-18,2026-02-19 17:13:09 UTC
922,02/17/26 08:34:05,55-21-70-18-64-17-60-8-9-29-80-20-5-52-47-79-28-50-78-27,2026-02-19 17:13:09 UTC
923,02/17/26 08:38:28,62-30-78-2-29-34-33-3-22-75-68-61-23-20-40-56-51-16-52-58,2026-02-19 17:13:09 UTC
924,02/17/26 08:45:23,31-27-34-50-46-57-68-17-52-79-67-10-18-11-77-80-73-24-36-64,2026-02-19 17:13:09 UTC
925,02/17/26 08:49:34,40-38-62-20-66-22-48-79-2-29-33-45-64-51-8-37-17-55-69-53,2026-02-19 17:13:09 UTC
926,02/17/26 08:53:33,9-46-68-51-54-45-25-30-32-59-74-36-7-38-48-3-76-47-69-23,2026-02-19 17:13:09 UTC
927,02/17/26 09:02:12,15-62-68-19-22-17-37-12-55-16-48-11-33-34-57-35-52-14-10-23,2026-02-19 17:13:09 UTC
928,02/17/26 09:06:28,9-22-52-5-46-73-41-48-51-40-53-72-32-27-39-18-16-11-54-77,2026-02-19 17:13:06 UTC
929,02/17/26 09:10:27,3-24-31-2-32-8-54-25-70-74-9-61-68-36-71-53-19-46-38-42,2026-02-19 17:13:06 UTC
930,02/17/26 09:15:59,79-7-28-48-60-45-9-31-17-35-74-11-39-80-32-20-34-66-14-75,2026-02-19 17:13:06 UTC
931,02/17/26 09:20:05,33-17-11-56-53-25-40-71-64-7-13-70-44-8-48-21-34-49-22-37,2026-02-19 17:13:06 UTC
932,02/17/26 09:23:43,38-46-25-43-27-73-26-36-64-19-61-18-47-77-74-39-37-58-12-10,2026-02-19 17:13:06 UTC
933,02/17/26 09:27:50,69-63-46-4-39-28-14-17-52-53-66-57-38-68-42-1-49-15-25-54,2026-02-19 17:13:06 UTC
934,02/17/26 09:36:31,68-13-62-64-5-18-80-41-77-33-21-46-63-27-17-2-25-50-42-20,2026-02-19 17:13:06 UTC
935,02/17/26 09:42:06,18-72-17-67-5-59-40-68-42-27-6-37-73-49-22-1-44-38-69-66,2026-02-19 17:13:06 UTC
936,02/17/26 09:46:04,70-50-68-60-30-8-25-13-72-28-26-47-32-7-11-29-67-71-1-74,2026-02-19 17:13:06 UTC
937,02/17/26 09:52:16,76-38-20-24-65-66-3-56-67-55-48-34-5-58-8-45-30-78-79-19,2026-02-19 17:13:06 UTC
938,02/17/26 09:56:56,12-41-14-77-51-15-33-65-13-52-24-68-61-21-72-28-32-54-2-30,2026-02-19 17:13:03 UTC
939,02/17/26 10:02:30,29-64-1-27-20-46-10-24-63-67-66-71-19-40-11-38-3-16-80-59,2026-02-19 17:13:03 UTC
940,02/17/26 10:07:17,25-57-76-15-68-49-56-44-17-3-35-24-55-53-79-12-33-19-9-70,2026-02-19 17:13:03 UTC
941,02/17/26 10:11:10,76-66-10-36-67-56-71-72-61-15-37-13-50-34-26-28-17-40-19-1,2026-02-19 17:13:03 UTC
942,02/17/26 10:15:06,47-27-4-20-2-64-13-67-80-41-46-52-74-58-50-38-42-9-62-30,2026-02-19 17:13:03 UTC
943,02/17/26 10:18:57,57-51-68-47-15-59-7-25-65-20-23-48-10-49-77-17-53-44-63-71,2026-02-19 17:13:03 UTC
944,02/17/26 10:23:16,39-32-48-60-56-59-77-30-80-23-9-15-11-78-25-13-6-2-52-66,2026-02-19 17:13:03 UTC
945,02/17/26 10:27:22,75-56-5-31-59-64-2-51-57-63-28-74-14-19-35-54-11-77-46-39,2026-02-19 17:13:03 UTC
946,02/17/26 10:31:28,31-42-71-73-72-59-46-56-40-66-5-68-76-63-3-47-78-53-74-64,2026-02-19 17:13:03 UTC
947,02/17/26 10:35:24,37-31-6-25-77-42-58-80-62-57-7-29-75-50-8-70-51-78-5-53,2026-02-19 17:13:03 UTC
948,02/17/26 10:39:29,13-48-72-74-36-55-3-31-71-22-69-37-18-60-78-1-6-10-4-56,2026-02-19 17:13:00 UTC
949,02/17/26 10:46:08,57-62-64-8-71-45-75-76-18-7-63-30-80-32-74-38-59-66-72-4,2026-02-19 17:13:00 UTC
950,02/17/26 10:54:09,68-29-60-42-78-72-58-41-73-48-57-20-38-34-33-25-19-5-40-17,2026-02-19 17:13:00 UTC
951,02/17/26 11:00:23,36-2-77-63-58-30-9-64-56-75-33-74-41-60-15-13-61-19-10-25,2026-02-19 17:13:00 UTC
952,02/17/26 11:04:57,46-6-5-3-56-26-65-54-59-20-72-63-74-61-67-42-52-43-10-16,2026-02-19 17:13:00 UTC
953,02/17/26 11:09:10,5-11-50-25-32-15-23-80-8-10-70-79-4-45-2-21-13-24-60-30,2026-02-19 17:13:00 UTC
954,02/17/26 11:13:25,36-80-2-11-10-50-30-33-49-58-26-42-62-3-71-40-8-14-17-4,2026-02-19 17:13:00 UTC
955,02/17/26 11:18:36,53-26-31-25-29-77-62-4-13-41-39-42-11-17-8-75-19-12-74-66,2026-02-19 17:13:00 UTC
956,02/17/26 11:23:14,15-69-51-79-70-64-45-22-24-78-65-8-75-40-63-36-16-52-43-72,2026-02-19 17:13:00 UTC
957,02/17/26 11:28:50,8-50-39-51-57-78-28-60-21-15-41-35-53-79-27-40-54-68-52-73,2026-02-19 17:13:00 UTC
958,02/17/26 11:39:24,76-54-44-9-75-79-4-68-11-71-46-14-59-40-7-51-61-2-63-21,2026-02-19 17:12:57 UTC
959,02/17/26 11:46:30,68-51-7-64-17-48-26-36-47-69-49-24-56-62-65-22-74-73-55-63,2026-02-19 17:12:57 UTC
960,02/17/26 11:50:21,28-59-57-25-58-24-54-68-73-4-30-47-35-6-16-39-63-10-33-9,2026-02-19 17:12:57 UTC
961,02/17/26 11:59:32,51-16-62-1-50-28-64-19-21-26-46-56-72-27-69-66-2-23-52-33,2026-02-19 17:12:57 UTC
962,02/17/26 12:03:34,55-31-73-60-36-15-34-78-13-54-43-22-26-41-42-61-47-28-57-50,2026-02-19 17:12:57 UTC
963,02/17/26 12:07:52,38-17-77-29-53-28-68-6-76-52-42-39-31-56-50-36-23-65-66-10,2026-02-19 17:12:57 UTC
964,02/17/26 12:15:46,7-14-6-49-72-42-79-74-30-22-50-27-12-75-54-4-48-2-58-39,2026-02-19 17:12:57 UTC
965,02/17/26 12:22:20,29-13-37-21-9-33-1-36-24-56-49-66-16-11-22-64-57-7-28-2,2026-02-19 17:12:57 UTC
966,02/17/26 12:26:15,15-60-31-34-73-8-66-67-35-80-19-24-48-32-1-40-57-23-53-18,2026-02-19 17:12:57 UTC
967,02/17/26 12:32:37,39-23-42-75-80-43-64-14-40-57-76-49-2-46-66-69-54-7-11-4,2026-02-19 17:12:57 UTC
968,02/17/26 12:41:21,75-24-69-53-18-31-7-43-52-76-37-66-22-28-41-19-10-4-30-21,2026-02-19 17:12:54 UTC
969,02/17/26 12:46:19,48-45-13-1-70-47-73-52-22-50-9-51-78-5-57-58-41-19-63-44,2026-02-19 17:12:54 UTC
970,02/17/26 12:50:44,76-32-21-75-30-3-6-16-49-72-50-26-42-1-23-67-70-25-27-20,2026-02-19 17:12:54 UTC
971,02/17/26 13:03:40,8-24-59-77-12-37-20-73-14-3-75-4-40-58-56-11-43-30-79-54,2026-02-19 17:12:54 UTC
972,02/17/26 13:07:40,45-64-69-32-56-7-26-73-76-5-47-72-54-52-20-41-1-43-65-24,2026-02-19 17:12:54 UTC
973,02/17/26 13:13:38,51-29-71-77-42-79-10-60-74-27-13-1-40-6-34-33-26-32-37-35,2026-02-19 17:12:54 UTC
974,02/17/26 13:18:13,15-53-25-73-64-51-28-70-21-9-79-33-52-68-46-56-63-36-61-30,2026-02-19 17:12:54 UTC
975,02/17/26 13:23:06,18-62-44-48-7-39-72-38-10-29-55-25-36-37-57-41-56-53-52-8,2026-02-19 17:12:54 UTC
976,02/17/26 13:27:55,2-19-32-46-34-44-16-54-7-69-6-4-15-21-55-48-66-12-65-20,2026-02-19 17:12:54 UTC
977,02/17/26 13:37:02,28-55-10-22-26-30-65-44-27-11-60-39-67-34-57-72-18-31-2-76,2026-02-19 17:12:54 UTC
978,02/17/26 13:40:56,43-26-79-64-28-19-15-16-73-42-6-21-60-48-71-30-4-7-34-40,2026-02-19 17:12:51 UTC
979,02/17/26 13:44:44,31-22-7-27-10-80-5-18-76-34-54-69-66-52-38-65-11-35-58-32,2026-02-19 17:12:51 UTC
980,02/17/26 13:49:23,49-26-56-52-53-35-44-64-74-65-1-67-8-15-55-68-11-29-69-43,2026-02-19 17:12:51 UTC
981,02/17/26 13:55:12,25-30-31-26-33-66-72-28-51-43-21-27-63-23-58-39-1-45-52-53,2026-02-19 17:12:51 UTC
982,02/17/26 13:58:59,59-2-72-65-11-10-39-36-9-23-21-64-7-5-43-26-50-41-13-17,2026-02-19 17:12:51 UTC
983,02/17/26 14:05:40,53-4-11-46-30-55-54-62-13-35-59-39-50-51-57-74-41-48-15-44,2026-02-19 17:12:51 UTC
984,02/17/26 14:09:52,5-64-11-46-52-51-37-16-23-49-47-70-15-73-80-77-61-27-53-71,2026-02-19 17:12:51 UTC
985,02/17/26 14:13:56,41-76-20-69-65-7-44-28-52-64-29-66-2-27-79-56-70-71-25-36,2026-02-19 17:12:51 UTC
986,02/17/26 14:18:52,60-63-59-28-35-16-19-31-76-51-52-21-32-80-46-77-79-37-23-44,2026-02-19 17:12:51 UTC
987,02/17/26 14:22:55,28-7-76-4-69-31-36-48-59-56-24-79-22-18-30-64-14-10-67-73,2026-02-19 17:12:51 UTC
988,02/17/26 14:26:51,30-36-66-58-7-12-80-64-73-67-8-48-5-4-79-17-14-18-19-74,2026-02-19 17:12:48 UTC
989,02/17/26 14:30:46,62-29-68-61-33-66-40-5-76-56-9-78-60-35-26-72-25-50-43-19,2026-02-19 17:12:48 UTC
990,02/17/26 14:34:55,51-78-20-40-74-27-34-46-23-61-1-55-60-56-68-72-26-8-3-47,2026-02-19 17:12:48 UTC
991,02/17/26 14:39:04,36-31-23-60-38-37-6-72-75-29-4-70-1-21-18-17-59-45-79-67,2026-02-19 17:12:48 UTC
992,02/17/26 14:43:07,47-46-72-58-19-79-7-65-16-52-77-62-17-40-37-76-34-3-20-38,2026-02-19 17:12:48 UTC
993,02/17/26 14:47:14,18-78-49-13-51-3-32-7-34-23-17-1-35-10-39-64-4-12-75-54,2026-02-19 17:12:48 UTC
994,02/17/26 14:54:34,62-33-58-38-21-79-49-77-68-55-6-15-35-29-20-42-61-78-3-76,2026-02-19 17:12:48 UTC
995,02/17/26 14:59:03,64-10-51-7-40-4-9-22-54-60-53-46-31-27-32-21-59-57-72-79,2026-02-19 17:12:48 UTC
996,02/17/26 15:05:26,74-63-23-12-17-38-76-28-11-68-47-53-21-1-56-71-41-39-5-18,2026-02-19 17:12:48 UTC
997,02/17/26 15:10:11,79-5-47-27-39-50-62-12-3-15-33-36-69-37-4-48-29-21-22-7,2026-02-19 17:12:48 UTC
998,02/17/26 15:14:10,13-50-12-55-45-27-9-53-2-72-11-38-64-36-17-7-60-65-31-5,2026-02-19 17:12:45 UTC
999,02/17/26 15:18:25,51-38-3-26-70-46-6-60-78-59-62-64-47-56-61-27-54-25-33-53,2026-02-19 17:12:45 UTC
309,02/19/26 09:12:03,56-21-6-79-34-60-73-75-45-12-42-3-53-69-35-66-8-64-76-20,2026-02-19 19:33:52 UTC
310,02/19/26 09:15:48,79-66-76-47-67-56-55-73-58-11-21-24-48-69-63-34-54-52-12-1,2026-02-19 19:33:52 UTC
311,02/19/26 09:19:41,23-18-51-22-43-63-40-60-65-24-55-36-38-32-75-70-1-52-48-8,2026-02-19 19:33:52 UTC
312,02/19/26 09:26:37,8-10-35-71-14-61-28-22-75-44-67-78-11-12-65-4-58-55-20-3,2026-02-19 19:33:52 UTC
313,02/19/26 09:33:20,55-47-25-20-8-29-37-18-38-35-69-46-27-80-22-72-50-65-74-31,2026-02-19 19:33:52 UTC
314,02/19/26 09:38:41,5-76-47-62-37-49-45-26-28-12-35-43-39-48-31-41-70-63-50-72,2026-02-19 19:33:52 UTC
315,02/19/26 09:42:51,68-32-41-76-40-69-29-80-73-58-38-66-36-27-12-35-51-50-74-61,2026-02-19 19:33:52 UTC
316,02/19/26 09:46:33,2-35-15-54-68-76-49-65-10-71-64-4-13-78-17-24-69-60-47-66,2026-02-19 19:33:52 UTC
317,02/19/26 09:50:11,8-13-69-51-34-21-14-70-33-26-7-54-30-80-20-3-10-58-35-72,2026-02-19 19:33:52 UTC
318,02/19/26 09:54:05,55-47-58-7-64-42-32-34-29-39-37-52-28-2-53-20-68-16-15-60,2026-02-19 19:33:52 UTC
319,02/19/26 10:01:17,10-43-70-34-17-71-76-51-28-56-5-12-32-44-66-35-80-65-8-19,2026-02-19 19:33:48 UTC
320,02/19/26 10:04:58,24-46-58-47-11-57-61-7-45-66-52-79-51-14-19-29-34-13-59-15,2026-02-19 19:33:48 UTC
321,02/19/26 10:08:34,38-40-79-52-31-30-75-17-46-68-47-6-34-57-41-7-32-39-58-64,2026-02-19 19:33:48 UTC
322,02/19/26 10:12:18,37-75-49-64-59-76-34-71-19-7-57-13-65-41-62-43-42-52-27-44,2026-02-19 19:33:48 UTC
323,02/19/26 10:16:09,58-43-20-13-41-54-32-66-56-11-6-36-19-24-7-60-9-51-2-65,2026-02-19 19:33:48 UTC
324,02/19/26 10:19:48,4-74-18-10-51-11-1-2-45-68-75-76-64-69-66-12-17-60-24-59,2026-02-19 19:33:48 UTC
325,02/19/26 10:23:34,67-64-34-62-45-16-52-33-44-32-5-38-3-58-73-59-69-7-54-70,2026-02-19 19:33:48 UTC
326,02/19/26 10:27:15,66-39-6-71-74-47-18-55-14-62-5-77-51-2-73-21-37-57-38-42,2026-02-19 19:33:48 UTC
327,02/19/26 10:33:49,3-5-53-23-67-47-44-75-49-59-6-18-70-79-71-17-62-65-16-54,2026-02-19 19:33:48 UTC
328,02/19/26 10:37:31,58-16-11-61-22-55-76-74-47-49-52-39-66-5-17-3-41-51-35-43,2026-02-19 19:33:48 UTC
329,02/19/26 10:41:12,51-25-37-22-77-28-40-60-21-11-7-17-64-79-71-75-30-2-3-39,2026-02-19 19:33:45 UTC
330,02/19/26 10:44:55,29-12-41-54-33-24-44-67-32-17-63-36-4-66-22-21-79-28-1-75,2026-02-19 19:33:45 UTC
331,02/19/26 10:49:15,5-32-54-53-31-20-74-51-26-37-15-17-9-24-12-64-76-65-63-71,2026-02-19 19:33:45 UTC
332,02/19/26 10:52:56,20-11-53-34-61-77-45-42-49-5-56-68-58-75-71-76-55-79-72-54,2026-02-19 19:33:45 UTC
333,02/19/26 11:02:27,18-28-74-23-37-12-46-71-54-3-15-7-58-43-29-44-26-9-10-70,2026-02-19 19:33:45 UTC
334,02/19/26 11:09:14,78-21-50-49-42-63-11-76-64-15-17-30-79-41-34-58-16-45-35-59,2026-02-19 19:33:45 UTC
335,02/19/26 11:15:39,66-19-53-4-71-17-56-48-24-8-20-61-45-16-36-46-59-78-10-37,2026-02-19 19:33:45 UTC
336,02/19/26 11:19:33,29-80-66-68-31-33-30-78-57-55-45-56-34-50-42-16-64-38-69-26,2026-02-19 19:33:45 UTC
337,02/19/26 11:23:44,17-10-35-39-24-50-74-1-26-18-15-58-30-19-66-38-77-42-33-80,2026-02-19 19:33:45 UTC
338,02/19/26 11:27:44,59-65-1-37-17-24-18-7-23-38-62-54-6-75-31-70-68-47-76-61,2026-02-19 19:33:45 UTC
339,02/19/26 11:34:49,62-27-8-46-24-43-9-13-5-20-58-30-17-2-32-23-3-39-50-64,2026-02-19 20:13:11 UTC
340,02/19/26 11:40:49,52-37-9-50-24-74-34-29-57-1-63-65-31-58-51-56-59-23-5-33,2026-02-19 20:13:11 UTC
341,02/19/26 11:43:14,23-63-54-57-70-62-44-7-35-60-73-16-34-40-61-45-64-53-68-72,2026-02-19 20:13:11 UTC
342,02/19/26 11:49:31,21-70-40-53-31-11-42-27-20-12-61-49-34-65-38-46-54-28-69-18,2026-02-19 20:13:11 UTC
343,02/19/26 11:53:04,6-30-39-18-23-21-48-47-15-38-79-68-8-49-26-2-70-10-74-76,2026-02-19 20:13:11 UTC
344,02/19/26 11:56:50,61-55-18-70-51-29-24-67-2-17-11-35-6-62-71-42-22-66-65-38,2026-02-19 20:13:11 UTC
345,02/19/26 12:03:55,68-42-43-50-30-36-28-9-31-78-79-26-46-4-77-62-61-20-47-48,2026-02-19 20:13:11 UTC
346,02/19/26 12:07:29,39-13-22-8-54-65-32-80-73-17-72-58-68-40-9-25-74-51-20-61,2026-02-19 20:13:11 UTC
347,02/19/26 12:11:12,50-45-63-27-3-44-34-65-25-7-58-15-17-40-54-62-76-47-78-30,2026-02-19 20:13:11 UTC
348,02/19/26 12:14:51,42-33-4-29-38-59-32-9-74-24-72-73-23-77-80-37-66-61-68-47,2026-02-19 22:05:03 UTC
349,02/19/26 12:22:21,29-15-80-50-38-28-21-24-23-70-78-27-60-57-53-20-18-72-26-71,2026-02-19 22:05:03 UTC
350,02/19/26 12:26:29,73-25-65-53-27-28-20-32-67-66-71-79-16-72-70-2-34-10-15-62,2026-02-19 22:05:03 UTC
351,02/19/26 12:30:48,46-64-65-24-61-3-17-14-52-60-26-15-13-7-79-57-30-50-8-75,2026-02-19 22:05:03 UTC
352,02/19/26 12:34:27,58-46-71-35-37-2-51-78-32-67-41-74-73-22-63-5-34-24-23-40,2026-02-19 22:05:03 UTC
353,02/19/26 12:45:24,38-11-58-61-77-25-79-24-51-47-65-30-22-7-10-41-59-53-42-4,2026-02-19 22:05:00 UTC
354,02/19/26 12:49:04,56-1-60-59-50-40-36-69-5-28-39-12-64-9-74-54-51-3-65-76,2026-02-19 22:05:00 UTC
355,02/19/26 12:53:09,21-44-58-6-71-59-1-18-65-55-27-16-77-60-78-32-56-12-28-36,2026-02-19 22:05:00 UTC
356,02/19/26 12:56:25,34-6-56-31-63-3-36-16-15-61-41-28-39-65-13-77-26-24-45-5,2026-02-19 22:05:00 UTC
357,02/19/26 13:02:45,25-41-72-36-11-51-58-78-22-69-33-7-15-56-75-66-74-53-61-9,2026-02-19 22:05:00 UTC
358,02/19/26 13:06:03,40-72-62-26-28-2-3-35-20-32-44-42-78-53-13-56-51-7-75-38,2026-02-19 22:05:00 UTC
359,02/19/26 13:11:13,14-38-28-31-70-48-20-53-71-63-64-21-59-37-7-75-12-9-57-5,2026-02-19 22:05:00 UTC
360,02/19/26 13:16:07,76-70-15-61-20-35-31-13-12-43-69-14-8-49-11-19-33-54-53-71,2026-02-19 22:05:00 UTC
361,02/19/26 13:18:36,16-70-75-3-26-73-71-27-61-1-58-35-74-47-59-18-53-64-41-24,2026-02-19 22:05:00 UTC
362,02/19/26 13:22:23,2-57-6-3-80-32-61-44-19-49-71-48-42-69-12-33-35-59-46-28,2026-02-19 22:05:00 UTC
363,02/19/26 13:26:09,65-25-16-41-32-38-80-40-31-26-42-58-74-46-3-6-39-44-8-30,2026-02-19 22:04:57 UTC
364,02/19/26 13:29:48,77-12-7-4-33-19-78-57-40-68-59-26-48-24-38-18-45-72-61-25,2026-02-19 22:04:57 UTC
365,02/19/26 13:33:25,29-56-4-25-48-65-42-19-67-9-1-62-12-76-20-79-2-41-30-55,2026-02-19 22:04:57 UTC
366,02/19/26 13:37:17,65-52-73-71-26-54-19-60-58-59-48-67-18-42-51-43-20-22-63-53,2026-02-19 22:04:57 UTC
367,02/19/26 13:42:21,10-68-11-38-63-35-14-15-28-61-66-80-75-40-62-19-52-1-22-36,2026-02-19 22:04:57 UTC
368,02/19/26 13:46:02,68-49-29-77-62-26-71-20-42-48-17-50-5-64-57-65-12-35-2-16,2026-02-19 22:04:57 UTC
369,02/19/26 13:49:55,3-70-48-33-39-24-5-35-13-26-58-51-27-78-50-62-45-25-76-9,2026-02-19 22:04:57 UTC
370,02/19/26 13:54:27,14-19-17-4-50-39-18-37-16-56-54-55-31-33-43-23-11-75-62-72,2026-02-19 22:04:57 UTC
371,02/19/26 13:58:28,76-70-45-43-26-2-3-68-56-33-34-27-29-67-14-50-51-1-59-71,2026-02-19 22:04:57 UTC
372,02/19/26 14:02:04,27-38-74-44-64-32-39-18-76-78-62-34-73-79-56-66-28-33-60-5,2026-02-19 22:04:57 UTC
373,02/19/26 14:05:50,74-52-12-64-44-31-41-78-35-40-48-47-21-8-23-46-77-34-65-22,2026-02-20 05:36:38 UTC
374,02/19/26 14:09:41,44-57-27-15-73-35-25-50-37-76-65-31-11-3-80-61-64-72-48-2,2026-02-20 05:36:38 UTC
375,02/19/26 14:13:26,37-80-16-77-38-25-78-60-32-2-5-66-24-52-40-61-70-9-27-19,2026-02-20 05:36:38 UTC
376,02/19/26 14:17:11,14-44-49-12-15-7-65-25-50-41-2-73-57-21-61-48-34-67-18-69,2026-02-20 05:36:38 UTC
377,02/19/26 14:21:38,14-34-52-73-10-43-13-11-33-75-50-71-55-44-2-28-80-76-40-53,2026-02-20 05:36:38 UTC
378,02/19/26 14:25:25,38-27-28-17-19-24-13-35-59-23-45-14-66-65-26-34-15-80-52-2,2026-02-20 05:36:38 UTC
379,02/19/26 14:29:38,26-62-47-60-73-52-45-28-21-66-34-13-55-2-32-79-40-77-38-5,2026-02-20 05:36:38 UTC
380,02/19/26 14:33:28,3-1-20-80-41-35-15-13-61-43-33-69-50-79-66-60-14-5-56-77,2026-02-20 05:36:38 UTC
381,02/19/26 14:37:09,36-40-64-79-74-51-43-46-78-5-8-50-2-31-53-11-9-44-34-29,2026-02-20 05:36:38 UTC
382,02/19/26 14:41:10,72-74-46-73-17-11-22-71-60-41-31-25-26-19-3-28-75-5-53-12,2026-02-20 05:36:38 UTC
383,02/19/26 14:45:12,48-4-53-12-23-63-34-37-68-62-45-80-10-46-43-19-79-20-59-70,2026-02-20 05:36:35 UTC
384,02/19/26 14:51:52,26-59-67-16-11-2-56-66-51-57-24-76-3-60-38-6-48-65-50-23,2026-02-20 05:36:35 UTC
385,02/19/26 14:57:05,36-17-74-38-44-59-12-52-26-4-18-29-5-45-47-14-42-77-69-23,2026-02-20 05:36:35 UTC
386,02/19/26 15:01:48,59-28-20-63-61-35-65-79-29-37-55-36-42-32-48-3-71-43-17-21,2026-02-20 05:36:35 UTC
387,02/19/26 15:05:26,44-80-27-30-24-46-62-73-59-12-23-64-31-17-5-67-79-10-13-49,2026-02-20 05:36:35 UTC
388,02/19/26 15:09:08,69-45-32-10-35-76-80-53-15-25-16-17-29-14-59-73-49-41-9-18,2026-02-20 05:36:35 UTC
389,02/19/26 15:12:28,46-12-11-65-19-18-41-35-48-5-8-2-44-61-68-22-52-38-56-62,2026-02-20 05:36:35 UTC
390,02/19/26 15:16:06,31-20-67-79-15-52-57-38-65-26-62-77-71-9-21-59-40-18-66-13,2026-02-20 05:36:35 UTC
391,02/19/26 15:19:46,39-65-12-42-80-79-58-19-68-47-73-55-71-45-75-66-70-41-31-32,2026-02-20 05:36:35 UTC
392,02/19/26 15:23:25,73-25-36-39-59-64-1-34-20-41-76-40-5-3-56-80-67-49-12-63,2026-02-20 05:36:35 UTC
393,02/19/26 15:27:01,62-21-51-52-68-29-79-54-24-55-32-59-15-13-27-1-25-7-60-70,2026-02-20 05:36:32 UTC
394,02/19/26 15:32:25,22-15-7-51-20-78-56-43-14-77-24-13-62-64-74-69-40-55-54-72,2026-02-20 05:36:32 UTC
395,02/19/26 15:37:52,36-14-66-35-20-21-9-38-22-10-30-3-78-19-75-31-59-80-64-63,2026-02-20 05:36:32 UTC
396,02/19/26 15:44:03,27-37-45-28-23-47-64-18-55-16-4-39-24-5-43-25-79-65-58-10,2026-02-20 05:36:32 UTC
397,02/19/26 15:47:46,16-50-57-12-76-65-45-18-80-60-37-29-19-79-67-63-32-24-10-17,2026-02-20 05:36:31 UTC
398,02/19/26 15:51:22,39-52-40-12-46-31-38-71-10-77-34-24-37-23-41-3-22-16-42-19,2026-02-20 05:36:31 UTC
399,02/19/26 15:53:45,33-56-59-24-61-71-70-31-40-17-37-66-44-51-29-75-25-50-5-79,2026-02-20 05:36:31 UTC
400,02/19/26 15:57:25,79-58-26-60-32-23-71-42-8-59-50-30-35-47-67-6-74-45-72-56,2026-02-20 05:36:31 UTC
401,02/19/26 16:05:45,74-24-43-13-31-25-76-27-66-49-8-77-33-68-54-14-65-39-36-79,2026-02-20 05:36:31 UTC
402,02/19/26 16:12:48,18-3-31-37-48-43-11-15-44-12-24-6-22-20-26-23-34-72-53-40,2026-02-20 05:36:31 UTC
403,02/19/26 16:18:15,9-51-50-12-33-53-47-27-74-60-73-56-72-36-46-38-49-57-70-13,2026-02-20 05:36:28 UTC
404,02/19/26 16:21:46,64-20-68-49-4-18-42-8-67-43-6-19-40-46-78-16-5-47-17-15,2026-02-20 05:36:28 UTC
405,02/19/26 16:24:56,21-66-72-4-69-55-35-36-39-79-57-49-32-74-25-52-40-68-54-67,2026-02-20 05:36:28 UTC
406,02/19/26 16:28:33,20-16-63-3-43-15-30-19-73-37-29-71-70-12-35-28-58-69-80-22,2026-02-20 05:36:28 UTC
407,02/19/26 16:32:16,3-46-20-63-21-28-14-10-49-11-57-24-54-79-59-55-1-56-42-60,2026-02-20 05:36:28 UTC
408,02/19/26 16:34:43,30-75-77-67-70-73-44-7-22-45-27-21-20-46-33-43-39-29-65-15,2026-02-20 05:36:28 UTC
409,02/19/26 16:39:11,25-40-67-34-35-46-1-43-28-11-73-47-29-30-13-69-17-50-79-51,2026-02-20 05:36:28 UTC
410,02/19/26 16:42:37,40-48-30-9-1-4-20-13-69-24-67-35-14-32-52-55-8-75-19-47,2026-02-20 05:36:28 UTC
411,02/19/26 16:46:10,34-64-48-74-39-15-31-24-41-11-22-59-68-37-65-60-19-42-62-10,2026-02-20 05:36:28 UTC
412,02/19/26 16:51:02,22-5-10-56-1-41-15-6-52-3-43-63-7-45-64-67-13-32-46-36,2026-02-20 05:36:28 UTC
413,02/19/26 16:58:19,2-60-57-70-56-65-32-13-17-9-14-46-77-31-6-71-55-5-59-24,2026-02-20 05:36:25 UTC
414,02/19/26 17:02:36,67-70-28-24-31-23-20-54-50-6-44-41-46-21-76-60-18-38-55-15,2026-02-20 05:36:25 UTC
415,02/19/26 17:06:13,3-46-55-71-59-21-33-34-42-22-41-30-52-27-48-63-10-8-23-60,2026-02-20 05:36:25 UTC
416,02/19/26 17:09:30,55-52-68-48-59-50-2-3-30-26-20-18-12-53-57-65-24-58-64-67,2026-02-20 05:36:25 UTC
417,02/19/26 17:12:46,45-39-42-28-75-47-1-16-52-2-78-59-20-32-48-64-22-79-68-76,2026-02-20 05:36:25 UTC
418,02/19/26 17:16:04,19-10-37-61-55-9-56-78-12-59-11-33-70-6-27-5-79-67-13-42,2026-02-20 05:36:25 UTC
419,02/19/26 17:19:28,1-69-41-78-50-12-74-62-5-11-22-58-14-55-39-60-9-53-36-72,2026-02-20 05:36:25 UTC
420,02/19/26 17:21:58,6-36-70-26-13-24-11-71-60-74-59-69-21-9-37-72-33-1-17-43,2026-02-20 05:36:25 UTC
421,02/19/26 17:26:39,5-36-64-50-30-35-18-59-40-26-3-76-69-61-2-77-44-70-9-54,2026-02-20 05:36:25 UTC
422,02/19/26 17:30:53,67-41-27-53-21-44-68-22-28-57-66-40-18-69-35-61-65-42-8-54,2026-02-20 05:36:25 UTC
423,02/19/26 17:34:35,44-75-38-58-73-20-14-71-63-27-1-18-51-69-8-16-15-53-42-80,2026-02-20 05:36:22 UTC
424,02/19/26 17:41:45,76-74-34-29-69-50-35-26-21-37-51-12-79-63-45-19-7-60-47-43,2026-02-20 05:36:22 UTC
425,02/19/26 17:45:34,11-65-28-25-48-59-40-54-34-7-18-2-1-44-22-55-69-52-62-71,2026-02-20 05:36:22 UTC
426,02/19/26 17:49:30,37-1-66-14-80-9-76-17-51-18-28-47-32-41-65-60-56-59-48-29,2026-02-20 05:36:22 UTC
427,02/19/26 17:53:05,48-42-26-9-31-45-71-32-72-40-63-66-33-34-68-5-43-51-10-74,2026-02-20 05:36:22 UTC
428,02/19/26 17:57:15,44-32-36-5-50-46-77-12-78-51-26-31-72-8-63-62-45-24-54-35,2026-02-20 05:36:22 UTC
429,02/19/26 18:02:10,35-20-45-73-3-78-39-27-48-58-36-10-26-32-24-23-17-18-67-8,2026-02-20 05:36:22 UTC
430,02/19/26 18:08:30,47-66-51-1-44-17-18-78-16-28-46-10-45-61-6-59-14-7-11-12,2026-02-20 05:36:22 UTC
431,02/19/26 18:12:41,60-10-38-3-21-72-66-54-4-46-43-42-75-15-79-22-35-11-57-69,2026-02-20 05:36:22 UTC
432,02/19/26 18:18:08,36-46-47-56-54-15-25-41-69-78-75-76-27-77-74-43-79-53-3-32,2026-02-20 05:36:22 UTC
433,02/19/26 18:21:37,64-70-65-22-74-54-21-62-48-2-75-26-68-34-57-46-39-6-58-45,2026-02-20 05:36:19 UTC
434,02/19/26 18:25:33,37-69-18-41-20-56-3-2-40-46-36-65-78-17-13-66-24-7-14-62,2026-02-20 05:36:19 UTC
435,02/19/26 18:29:12,18-25-72-54-30-64-79-33-7-76-29-49-27-77-24-53-32-28-67-22,2026-02-20 05:36:19 UTC
436,02/19/26 18:32:50,19-2-43-8-30-74-27-58-39-48-49-35-25-23-66-61-56-24-4-36,2026-02-20 05:36:19 UTC
437,02/19/26 18:36:29,69-72-11-79-70-64-5-17-8-50-67-9-30-46-2-19-45-33-35-60,2026-02-20 05:36:19 UTC
438,02/19/26 18:42:05,64-15-22-41-9-10-53-49-40-56-62-59-2-50-55-36-65-24-32-43,2026-02-20 05:36:19 UTC
439,02/19/26 18:46:06,37-36-7-27-38-61-76-62-44-58-55-18-65-67-59-9-1-75-73-5,2026-02-20 05:36:19 UTC
440,02/19/26 18:49:51,26-4-78-43-65-19-12-7-75-55-28-77-29-64-18-33-71-35-68-63,2026-02-20 05:36:19 UTC
441,02/19/26 18:54:00,4-31-69-78-72-1-46-33-10-58-49-11-20-38-14-39-70-42-44-32,2026-02-20 05:36:19 UTC
442,02/19/26 18:57:42,72-44-48-41-40-9-29-4-24-54-51-77-42-47-74-21-12-57-50-3,2026-02-20 05:36:19 UTC
443,02/19/26 19:00:51,42-52-68-5-71-24-66-47-48-6-1-28-55-7-53-58-35-50-57-36,2026-02-20 05:36:16 UTC
444,02/19/26 19:05:45,3-8-9-24-33-18-39-38-80-57-26-78-46-66-11-69-67-32-59-71,2026-02-20 05:36:16 UTC
445,02/19/26 19:11:48,49-58-25-45-13-61-53-65-34-30-18-62-14-59-37-32-8-63-39-11,2026-02-20 05:36:16 UTC
446,02/19/26 19:15:33,30-71-11-59-44-7-53-55-79-13-69-27-5-2-4-24-20-29-43-41,2026-02-20 05:36:16 UTC
447,02/19/26 19:20:39,7-68-49-1-40-28-57-69-79-5-55-12-53-48-59-8-35-77-45-31,2026-02-20 05:36:16 UTC
448,02/19/26 19:24:18,66-52-30-71-31-28-16-18-44-19-39-13-77-51-58-9-55-73-6-72,2026-02-20 05:36:16 UTC
449,02/19/26 19:47:52,76-45-27-58-61-13-26-40-36-67-57-18-5-53-49-34-30-60-33-6,2026-02-20 05:36:16 UTC
450,02/19/26 19:51:39,9-29-14-69-16-24-2-35-62-70-55-25-77-51-48-67-6-34-27-59,2026-02-20 05:36:16 UTC
451,02/19/26 19:55:12,65-80-72-2-58-66-70-6-7-25-44-14-30-10-3-55-46-42-78-74,2026-02-20 05:36:16 UTC
452,02/19/26 20:03:06,70-69-67-9-41-23-74-25-73-10-50-30-13-39-4-42-56-66-37-52,2026-02-20 05:36:16 UTC
453,02/19/26 20:06:40,67-80-37-35-44-36-41-45-48-7-8-60-9-46-2-55-74-11-49-51,2026-02-20 05:36:13 UTC
454,02/19/26 20:10:16,72-16-23-74-78-13-20-28-64-36-42-2-1-46-25-7-27-68-65-19,2026-02-20 05:36:13 UTC
455,02/19/26 20:17:00,23-80-47-7-53-79-48-54-35-74-31-46-61-37-69-52-21-12-72-50,2026-02-20 05:36:13 UTC
456,02/19/26 20:20:58,29-77-25-62-9-18-73-10-80-72-63-28-76-67-74-20-65-42-54-35,2026-02-20 05:36:13 UTC
457,02/19/26 20:25:29,78-29-41-7-39-74-24-9-25-66-64-21-79-20-28-53-54-4-55-80,2026-02-20 05:36:13 UTC
458,02/19/26 20:29:05,70-22-21-29-79-25-18-39-78-33-1-46-36-68-58-2-27-55-73-3,2026-02-20 05:36:13 UTC
459,02/19/26 20:32:31,10-34-46-45-27-17-24-9-49-70-1-36-77-75-38-67-32-15-52-62,2026-02-20 05:36:13 UTC
460,02/19/26 20:36:15,37-44-73-25-6-24-34-12-62-9-47-71-68-67-58-31-69-43-49-66,2026-02-20 05:36:13 UTC
461,02/19/26 20:42:39,3-9-58-23-49-28-22-62-15-55-41-25-80-66-50-65-68-64-24-47,2026-02-20 05:36:13 UTC
462,02/19/26 20:49:56,45-57-40-59-79-37-36-41-15-61-19-72-10-29-60-73-63-14-38-39,2026-02-20 05:36:13 UTC
463,02/19/26 20:53:51,8-10-5-70-48-18-55-59-73-51-28-80-54-44-69-17-41-16-77-27,2026-02-20 05:36:10 UTC
464,02/19/26 20:58:08,22-8-44-62-6-64-40-7-11-37-69-3-54-21-41-20-33-32-56-30,2026-02-20 05:36:10 UTC
465,02/19/26 21:01:43,39-63-49-23-18-56-51-3-26-48-5-19-58-25-69-76-37-33-68-35,2026-02-20 05:36:10 UTC
466,02/19/26 21:08:09,27-64-49-63-61-7-12-79-32-77-38-33-65-56-62-50-46-10-67-2,2026-02-20 05:36:10 UTC
467,02/19/26 21:11:39,34-61-13-8-63-66-10-36-49-35-78-18-17-23-64-60-48-30-25-31,2026-02-20 05:36:10 UTC
468,02/19/26 21:15:15,17-44-46-2-78-64-45-56-59-25-20-26-34-16-27-21-43-62-47-49,2026-02-20 05:36:10 UTC
469,02/19/26 21:19:10,73-36-41-55-11-2-48-51-19-42-6-62-22-75-14-78-8-28-53-33,2026-02-20 05:36:10 UTC
470,02/19/26 21:22:55,38-46-68-25-40-16-34-3-71-12-54-73-52-45-7-33-47-32-31-15,2026-02-20 05:36:10 UTC
471,02/19/26 21:26:29,53-26-58-33-59-46-8-15-32-1-41-3-69-43-54-45-71-11-18-42,2026-02-20 05:36:10 UTC
472,02/19/26 21:30:01,60-7-62-2-30-61-33-32-65-64-39-58-5-31-34-20-72-18-38-70,2026-02-20 05:36:10 UTC
473,02/19/26 21:36:51,21-1-5-60-6-19-51-16-63-58-80-50-20-7-62-40-44-76-24-35,2026-02-20 08:06:31 UTC
474,02/19/26 21:41:09,10-32-2-19-72-80-34-17-23-68-43-73-8-29-5-48-76-30-14-51,2026-02-20 08:06:31 UTC
475,02/19/26 21:44:36,31-43-27-6-56-38-15-36-35-4-17-33-61-9-53-25-51-74-30-78,2026-02-20 08:06:31 UTC
476,02/19/26 21:48:44,14-2-51-22-78-80-43-12-40-59-26-9-64-75-13-56-71-61-60-73,2026-02-20 08:06:31 UTC
477,02/19/26 21:52:21,20-55-63-12-46-19-39-69-70-11-71-6-1-80-29-62-42-27-54-59,2026-02-20 08:06:31 UTC
478,02/19/26 21:55:53,10-2-52-51-28-11-70-47-17-16-14-73-63-29-56-71-3-69-41-27,2026-02-20 08:06:28 UTC
479,02/19/26 21:59:33,63-65-33-36-50-43-75-29-62-76-67-64-80-51-41-68-74-15-9-58,2026-02-20 08:06:28 UTC
480,02/19/26 22:06:41,68-64-29-12-34-23-79-39-7-65-27-9-42-40-33-67-30-38-48-32,2026-02-20 08:06:28 UTC
481,02/19/26 22:10:37,18-41-21-28-65-43-2-8-72-44-68-34-40-42-67-31-32-60-25-39,2026-02-20 08:06:28 UTC
482,02/19/26 22:13:37,80-2-11-40-1-30-37-60-64-8-32-65-70-36-76-34-62-38-16-42,2026-02-20 08:06:28 UTC
483,02/19/26 22:18:33,63-72-31-24-34-74-8-66-60-75-33-17-26-68-13-1-58-76-77-65,2026-02-20 08:06:28 UTC
484,02/19/26 22:22:03,21-5-68-16-51-66-50-47-73-4-70-37-41-20-61-6-22-15-34-40,2026-02-20 08:06:28 UTC
485,02/19/26 22:25:53,14-2-34-6-35-44-11-23-52-26-57-68-20-36-45-77-50-55-22-47,2026-02-20 08:06:28 UTC
486,02/19/26 22:29:31,26-55-34-56-54-39-5-9-29-16-78-33-27-73-64-69-17-12-37-21,2026-02-20 08:06:28 UTC
487,02/19/26 22:33:23,26-64-33-23-74-78-58-38-29-46-10-40-13-39-57-20-65-70-5-25,2026-02-20 08:06:28 UTC
488,02/20/26 08:12:34,58-70-76-33-15-54-7-57-38-13-65-31-53-46-12-68-52-64-80-34,2026-02-20 17:02:55 UTC
489,02/20/26 08:16:13,10-44-33-49-18-62-66-77-45-75-21-9-25-41-42-22-43-32-20-14,2026-02-20 17:02:55 UTC
490,02/20/26 08:19:52,39-51-47-19-13-5-26-69-56-61-46-78-68-20-45-10-14-40-35-9,2026-02-20 17:02:55 UTC
491,02/20/26 08:23:37,51-34-59-70-32-72-57-24-28-16-69-14-75-78-38-60-40-4-7-68,2026-02-20 17:02:55 UTC
492,02/20/26 08:27:14,73-68-40-18-71-76-64-27-74-8-33-4-46-2-36-45-62-48-17-23,2026-02-20 17:02:52 UTC
493,02/20/26 08:30:57,80-53-48-20-3-39-65-62-7-72-16-29-31-33-56-5-28-58-78-52,2026-02-20 17:02:52 UTC
494,02/20/26 08:34:34,26-18-55-45-22-31-3-2-71-43-42-12-5-39-65-77-75-64-34-30,2026-02-20 17:02:52 UTC
495,02/20/26 08:38:27,53-1-20-2-35-26-62-80-18-29-74-42-57-68-70-48-37-54-75-22,2026-02-20 17:02:52 UTC
496,02/20/26 08:42:11,54-7-46-36-69-32-59-40-39-23-16-28-31-1-24-53-62-44-72-34,2026-02-20 17:02:52 UTC
497,02/20/26 08:46:14,54-27-39-40-15-34-2-37-44-77-67-78-23-70-8-9-30-61-71-64,2026-02-20 17:02:52 UTC
498,02/20/26 08:49:54,63-53-78-16-67-17-61-50-39-43-28-2-38-44-14-58-48-34-55-29,2026-02-20 17:02:52 UTC
499,02/20/26 08:53:51,49-79-56-8-1-53-74-65-47-61-34-37-68-27-16-13-69-2-31-33,2026-02-20 17:02:52 UTC
500,02/20/26 08:57:36,33-9-29-53-49-35-10-22-16-42-24-7-72-26-30-66-79-56-47-34,2026-02-20 17:02:52 UTC
501,02/20/26 09:01:13,17-55-22-37-42-57-79-14-69-63-50-75-33-1-35-53-64-67-71-20,2026-02-20 17:02:52 UTC
